<?xml version="1.0" encoding="US-ASCII"?>
<l:l10n xmlns:l="http://docbook.sourceforge.net/xmlns/l10n/1.0" language="fi">

<!-- This file is generated automatically. -->
<!-- Do not edit this file by hand! -->
<!-- See http://docbook.sourceforge.net/ -->
<!-- To update this file: edit the corresponding document at -->
<!-- http://cvs.sourceforge.net/cgi-bin/viewcvs.cgi/docbook/gentext/locale/ -->

   <l:gentext key="Abstract" text="Lyhennelm&#228;"/>
   <l:gentext key="abstract" text="Lyhennelm&#228;"/>
   <l:gentext key="Answer" text="A:"/>
   <l:gentext key="answer" text="A:"/>
   <l:gentext key="Appendix" text="Liite"/>
   <l:gentext key="appendix" text="liite"/>
   <l:gentext key="Article" text="Artikkeli"/>
   <l:gentext key="article" text="Artikkeli"/>
   <l:gentext key="Bibliography" text="L&#228;hteet"/>
   <l:gentext key="bibliography" text="L&#228;hteet"/>
   <l:gentext key="Book" text="Kirja"/>
   <l:gentext key="book" text="Kirja"/>
   <l:gentext key="CAUTION" text="VARO"/>
   <l:gentext key="Caution" text="Varo"/>
   <l:gentext key="caution" text="Varo"/>
   <l:gentext key="Chapter" text="Luku"/>
   <l:gentext key="chapter" text="luku"/>
   <l:gentext key="Colophon" text="Colophon"/>
   <l:gentext key="colophon" text="Colophon"/>
   <l:gentext key="Copyright" text="Copyright"/>
   <l:gentext key="copyright" text="Copyright"/>
   <l:gentext key="Dedication" text="Omistus"/>
   <l:gentext key="dedication" text="Omistus"/>
   <l:gentext key="Edition" text="Edition"/>
   <l:gentext key="edition" text="Edition"/>
   <l:gentext key="Equation" text="Kaava"/>
   <l:gentext key="equation" text="Kaava"/>
   <l:gentext key="Example" text="Esimerkki"/>
   <l:gentext key="example" text="Esimerkki"/>
   <l:gentext key="Figure" text="Kuva"/>
   <l:gentext key="figure" text="Kuva"/>
   <l:gentext key="Glossary" text="Sanasto"/>
   <l:gentext key="glossary" text="Sanasto"/>
   <l:gentext key="GlossSee" text="Katso"/>
   <l:gentext key="glosssee" text="Katso"/>
   <l:gentext key="GlossSeeAlso" text="Katso my&#246;s"/>
   <l:gentext key="glossseealso" text="Katso my&#246;s"/>
   <l:gentext key="IMPORTANT" text="T&#196;RKE&#196;&#196;"/>
   <l:gentext key="Important" text="T&#228;rke&#228;&#228;"/>
   <l:gentext key="important" text="T&#228;rke&#228;&#228;"/>
   <l:gentext key="Index" text="Indeksi"/>
   <l:gentext key="index" text="Indeksi"/>
   <l:gentext key="ISBN" text="ISBN"/>
   <l:gentext key="isbn" text="ISBN"/>
   <l:gentext key="LegalNotice" text=""/>
   <l:gentext key="legalnotice" text=""/>
   <l:gentext key="MsgAud" text="Yleis&#246;"/>
   <l:gentext key="msgaud" text="Yleis&#246;"/>
   <l:gentext key="MsgLevel" text="Taso"/>
   <l:gentext key="msglevel" text="Taso"/>
   <l:gentext key="MsgOrig" text="Alkuper&#228;"/>
   <l:gentext key="msgorig" text="Alkuper&#228;"/>
   <l:gentext key="NOTE" text="HUOMAA"/>
   <l:gentext key="Note" text="Huomaa"/>
   <l:gentext key="note" text="Huomaa"/>
   <l:gentext key="Part" text="Osa"/>
   <l:gentext key="part" text="Osa"/>
   <l:gentext key="Preface" text="Esipuhe"/>
   <l:gentext key="preface" text="Esipuhe"/>
   <l:gentext key="Procedure" text="Aliohjelma"/>
   <l:gentext key="procedure" text="Aliohjelma"/>
   <l:gentext key="ProductionSet" text="Production"/>
   <l:gentext key="Published" text="Julkaistu"/>
   <l:gentext key="published" text="Julkaistu"/>
   <l:gentext key="Question" text="Q:"/>
   <l:gentext key="question" text="Q:"/>
   <l:gentext key="RefEntry" text=""/>
   <l:gentext key="refentry" text=""/>
   <l:gentext key="Reference" text="L&#228;hdeluettelo"/>
   <l:gentext key="reference" text="L&#228;hdeluettelo"/>
   <l:gentext key="RefName" text="Nimi"/>
   <l:gentext key="refname" text="Nimi"/>
   <l:gentext key="RefSection" text=""/>
   <l:gentext key="refsection" text=""/>
   <l:gentext key="RefSynopsisDiv" text="Synopsis"/>
   <l:gentext key="refsynopsisdiv" text="Synopsis"/>
   <l:gentext key="RevHistory" text="Versiohistoria"/>
   <l:gentext key="revhistory" text="Versiohistoria"/>
   <l:gentext key="Revision" text="Versio"/>
   <l:gentext key="revision" text="Versio"/>
   <l:gentext key="sect1" text="Section"/>
   <l:gentext key="sect2" text="Section"/>
   <l:gentext key="sect3" text="Section"/>
   <l:gentext key="sect4" text="Section"/>
   <l:gentext key="sect5" text="Section"/>
   <l:gentext key="Section" text="Kohta"/>
   <l:gentext key="section" text="kohta"/>
   <l:gentext key="See" text="Katso"/>
   <l:gentext key="see" text="Katso"/>
   <l:gentext key="SeeAlso" text="Katso my&#246;s"/>
   <l:gentext key="Seealso" text="Katso my&#246;s"/>
   <l:gentext key="seealso" text="Katso my&#246;s"/>
   <l:gentext key="Set" text="Kokoelma"/>
   <l:gentext key="set" text="Kokoelma"/>
   <l:gentext key="SetIndex" text="Kokoelman indeksi"/>
   <l:gentext key="setindex" text="Kokoelman indeksi"/>
   <l:gentext key="Sidebar" text=""/>
   <l:gentext key="sidebar" text="sivupalkki"/>
   <l:gentext key="Step" text="Step"/>
   <l:gentext key="step" text="step"/>
   <l:gentext key="Table" text="Taulu"/>
   <l:gentext key="table" text="Taulu"/>
   <l:gentext key="TIP" text="VIHJE"/>
   <l:gentext key="Tip" text="Vihje"/>
   <l:gentext key="tip" text="Vihje"/>
   <l:gentext key="WARNING" text="VAROITUS"/>
   <l:gentext key="Warning" text="Varoitus"/>
   <l:gentext key="warning" text="Varoitus"/>
   <l:gentext key="and" text="ja"/>
   <l:gentext key="by" text=""/>
   <l:gentext key="Edited" text="Toim."/>
   <l:gentext key="edited" text="Toim."/>
   <l:gentext key="Editedby" text="Toimittanut"/>
   <l:gentext key="editedby" text="Toimittanut"/>
   <l:gentext key="in" text="teoksessa"/>
   <l:gentext key="lastlistcomma" text=","/>
   <l:gentext key="listcomma" text=","/>
   <l:gentext key="nonexistantelement" text="elementti&#228; ei ole olemassa"/>
   <l:gentext key="notes" text=""/>
   <l:gentext key="Notes" text=""/>
   <l:gentext key="Pgs" text="Sivut"/>
   <l:gentext key="pgs" text="Sivut"/>
   <l:gentext key="Revisedby" text="Revised by: "/>
   <l:gentext key="revisedby" text="Revised by: "/>
   <l:gentext key="TableNotes" text=""/>
   <l:gentext key="tablenotes" text=""/>
   <l:gentext key="TableofContents" text="Sis&#228;llys"/>
   <l:gentext key="tableofcontents" text="Sis&#228;llys"/>
   <l:gentext key="unexpectedelementname" text="Odottamaton elementin nimi"/>
   <l:gentext key="unsupported" text="ei tueta"/>
   <l:gentext key="xrefto" text="xref johonkin"/>
   <l:gentext key="listofequations" text="Luettelo esimerkeist&#228;"/>
   <l:gentext key="ListofEquations" text="Luettelo esimerkeist&#228;"/>
   <l:gentext key="ListofExamples" text="Luettelo esimerkeist&#228;"/>
   <l:gentext key="listofexamples" text="Luettelo esimerkeist&#228;"/>
   <l:gentext key="ListofFigures" text="Luettelo kuvista"/>
   <l:gentext key="listoffigures" text="Luettelo kuvista"/>
   <l:gentext key="listoftables" text="Luettelo tauluista"/>
   <l:gentext key="ListofTables" text="Luettelo tauluista"/>
   <l:gentext key="ListofUnknown" text="Luettelo tuntemattomista"/>
   <l:gentext key="listofunknown" text="Luettelo tuntemattomista"/>
   <l:gentext key="nav-home" text="Alkuun"/>
   <l:gentext key="nav-next" text="Seuraava"/>
   <l:gentext key="nav-next-sibling" text="Nopeasti eteenp&#228;in"/>
   <l:gentext key="nav-prev" text="Edellinen"/>
   <l:gentext key="nav-prev-sibling" text="Nopeasti taaksep&#228;in"/>
   <l:gentext key="nav-up" text="Yl&#246;s"/>
   <l:gentext key="sectioncalled" text="the section called"/>
   <l:gentext key="Draft" text="Draft"/>
   <l:gentext key="above" text="above"/>
   <l:gentext key="below" text="below"/>
   <l:gentext key="index symbols" text="Symbols"/>
   <l:gentext key="lowercase.alpha" text="abcdefghijklmnopqrstuvwxyz"/>
   <l:gentext key="uppercase.alpha" text="ABCDEFGHIJKLMNOPQRSTUVWXYZ"/>
   <l:dingbat key="startquote" text="&#8220;"/>
   <l:dingbat key="endquote" text="&#8221;"/>
   <l:dingbat key="nestedstartquote" text="&#8216;"/>
   <l:dingbat key="nestedendquote" text="&#8217;"/>
   <l:dingbat key="bullet" text="&#8226;"/>

   <l:context name="styles">
      <l:template name="person-name" text="first-last"/>
   </l:context>

   <l:context name="title">
      <l:template name="abstract" text="%t"/>
      <l:template name="answer" text="%t"/>
      <l:template name="appendix" text="Liite %n. %t"/>
      <l:template name="article" text="%t"/>
      <l:template name="authorblurb" text="%t"/>
      <l:template name="bibliodiv" text="%t"/>
      <l:template name="biblioentry" text="%t"/>
      <l:template name="bibliography" text="%t"/>
      <l:template name="bibliomixed" text="%t"/>
      <l:template name="bibliomset" text="%t"/>
      <l:template name="biblioset" text="%t"/>
      <l:template name="blockquote" text="%t"/>
      <l:template name="book" text="%t"/>
      <l:template name="calloutlist" text="%t"/>
      <l:template name="caution" text="%t"/>
      <l:template name="chapter" text="Luku %n. %t"/>
      <l:template name="colophon" text="%t"/>
      <l:template name="dedication" text="%t"/>
      <l:template name="equation" text="Kaava %n. %t"/>
      <l:template name="example" text="Esimerkki %n. %t"/>
      <l:template name="figure" text="Kuva %n. %t"/>
      <l:template name="formalpara" text="%t"/>
      <l:template name="glossary" text="%t"/>
      <l:template name="glossdiv" text="%t"/>
      <l:template name="important" text="%t"/>
      <l:template name="index" text="%t"/>
      <l:template name="indexdiv" text="%t"/>
      <l:template name="itemizedlist" text="%t"/>
      <l:template name="legalnotice" text="%t"/>
      <l:template name="listitem" text=""/>
      <l:template name="lot" text="%t"/>
      <l:template name="msg" text="%t"/>
      <l:template name="msgexplan" text="%t"/>
      <l:template name="msgmain" text="%t"/>
      <l:template name="msgrel" text="%t"/>
      <l:template name="msgset" text="%t"/>
      <l:template name="msgsub" text="%t"/>
      <l:template name="note" text="%t"/>
      <l:template name="orderedlist" text="%t"/>
      <l:template name="part" text="Osa %n. %t"/>
      <l:template name="partintro" text="%t"/>
      <l:template name="preface" text="%t"/>
      <l:template name="procedure" text="%t"/>
      <l:template name="procedure.formal" text="Aliohjelma&#160;%n.&#160;%t"/>
      <l:template name="productionset" text="%t"/>
      <l:template name="productionset.formal" text="Production&#160;%n"/>
      <l:template name="qandadiv" text="%t"/>
      <l:template name="qandaentry" text="%t"/>
      <l:template name="qandaset" text="%t"/>
      <l:template name="question" text="%t"/>
      <l:template name="refentry" text="%t"/>
      <l:template name="reference" text="%t"/>
      <l:template name="refsection" text="%t"/>
      <l:template name="refsect1" text="%t"/>
      <l:template name="refsect2" text="%t"/>
      <l:template name="refsect3" text="%t"/>
      <l:template name="refsynopsisdiv" text="%t"/>
      <l:template name="refsynopsisdivinfo" text="%t"/>
      <l:template name="segmentedlist" text="%t"/>
      <l:template name="set" text="%t"/>
      <l:template name="setindex" text="%t"/>
      <l:template name="sidebar" text="%t"/>
      <l:template name="step" text="%t"/>
      <l:template name="table" text="Taulu %n. %t"/>
      <l:template name="tip" text="%t"/>
      <l:template name="toc" text="%t"/>
      <l:template name="variablelist" text="%t"/>
      <l:template name="warning" text="%t"/>
   </l:context>

   <l:context name="title-unnumbered">
      <l:template name="appendix" text="%t"/>
      <l:template name="bridgehead" text="%t"/>
      <l:template name="chapter" text="%t"/>
      <l:template name="sect1" text="%t"/>
      <l:template name="sect2" text="%t"/>
      <l:template name="sect3" text="%t"/>
      <l:template name="sect4" text="%t"/>
      <l:template name="sect5" text="%t"/>
      <l:template name="section" text="%t"/>
      <l:template name="simplesect" text="%t"/>
   </l:context>

   <l:context name="title-numbered">
      <l:template name="appendix" text="Liite %n. %t"/>
      <l:template name="bridgehead" text="%t"/>
      <l:template name="chapter" text="Luku %n. %t"/>
      <l:template name="sect1" text="%n. %t"/>
      <l:template name="sect2" text="%n. %t"/>
      <l:template name="sect3" text="%n. %t"/>
      <l:template name="sect4" text="%n. %t"/>
      <l:template name="sect5" text="%n. %t"/>
      <l:template name="section" text="%n. %t"/>
      <l:template name="simplesect" text="%n. %t"/>
   </l:context>

   <l:context name="subtitle">
      <l:template name="appendix" text="%s"/>
      <l:template name="article" text="%s"/>
      <l:template name="bibliodiv" text="%s"/>
      <l:template name="biblioentry" text="%s"/>
      <l:template name="bibliography" text="%s"/>
      <l:template name="bibliomixed" text="%s"/>
      <l:template name="bibliomset" text="%s"/>
      <l:template name="biblioset" text="%s"/>
      <l:template name="book" text="%s"/>
      <l:template name="chapter" text="%s"/>
      <l:template name="colophon" text="%s"/>
      <l:template name="dedication" text="%s"/>
      <l:template name="glossary" text="%s"/>
      <l:template name="glossdiv" text="%s"/>
      <l:template name="index" text="%s"/>
      <l:template name="indexdiv" text="%s"/>
      <l:template name="lot" text="%s"/>
      <l:template name="part" text="%s"/>
      <l:template name="partintro" text="%s"/>
      <l:template name="preface" text="%s"/>
      <l:template name="refentry" text="%s"/>
      <l:template name="reference" text="%s"/>
      <l:template name="refsection" text="%s"/>
      <l:template name="refsect1" text="%s"/>
      <l:template name="refsect2" text="%s"/>
      <l:template name="refsect3" text="%s"/>
      <l:template name="refsynopsisdiv" text="%s"/>
      <l:template name="sect1" text="%s"/>
      <l:template name="sect2" text="%s"/>
      <l:template name="sect3" text="%s"/>
      <l:template name="sect4" text="%s"/>
      <l:template name="sect5" text="%s"/>
      <l:template name="section" text="%s"/>
      <l:template name="set" text="%s"/>
      <l:template name="setindex" text="%s"/>
      <l:template name="sidebar" text="%s"/>
      <l:template name="simplesect" text="%s"/>
      <l:template name="toc" text="%s"/>
   </l:context>

   <l:context name="xref">
      <l:template name="abstract" text="%t"/>
      <l:template name="answer" text="A:&#160;%n"/>
      <l:template name="appendix" text="Liite %n. %t"/>
      <l:template name="article" text="%t"/>
      <l:template name="authorblurb" text="%t"/>
      <l:template name="bibliodiv" text="%t"/>
      <l:template name="bibliography" text="%t"/>
      <l:template name="bibliomset" text="%t"/>
      <l:template name="biblioset" text="%t"/>
      <l:template name="blockquote" text="%t"/>
      <l:template name="book" text="%t"/>
      <l:template name="calloutlist" text="%t"/>
      <l:template name="caution" text="%t"/>
      <l:template name="chapter" text="Luku %n. %t"/>
      <l:template name="colophon" text="%t"/>
      <l:template name="constraintdef" text="%t"/>
      <l:template name="dedication" text="%t"/>
      <l:template name="equation" text="Kaava&#160;%n"/>
      <l:template name="example" text="Esimerkki %n. %t"/>
      <l:template name="figure" text="Kuva %n. %t"/>
      <l:template name="formalpara" text="%t"/>
      <l:template name="glossary" text="%t"/>
      <l:template name="glossdiv" text="%t"/>
      <l:template name="important" text="%t"/>
      <l:template name="index" text="%t"/>
      <l:template name="indexdiv" text="%t"/>
      <l:template name="itemizedlist" text="%t"/>
      <l:template name="legalnotice" text="%t"/>
      <l:template name="listitem" text="%n"/>
      <l:template name="lot" text="%t"/>
      <l:template name="msg" text="%t"/>
      <l:template name="msgexplan" text="%t"/>
      <l:template name="msgmain" text="%t"/>
      <l:template name="msgrel" text="%t"/>
      <l:template name="msgset" text="%t"/>
      <l:template name="msgsub" text="%t"/>
      <l:template name="note" text="%t"/>
      <l:template name="orderedlist" text="%t"/>
      <l:template name="part" text="Osa %n. %t"/>
      <l:template name="partintro" text="%t"/>
      <l:template name="preface" text="%t"/>
      <l:template name="procedure" text="Aliohjelma&#160;%n"/>
      <l:template name="productionset" text="%t"/>
      <l:template name="qandadiv" text="%t"/>
      <l:template name="qandaentry" text="Q:&#160;%n"/>
      <l:template name="qandaset" text="%t"/>
      <l:template name="question" text="Q:&#160;%n"/>
      <l:template name="reference" text="%t"/>
      <l:template name="refsection" text="%t"/>
      <l:template name="refsect1" text="%t"/>
      <l:template name="refsect2" text="%t"/>
      <l:template name="refsect3" text="%t"/>
      <l:template name="refsynopsisdiv" text="%t"/>
      <l:template name="segmentedlist" text="%t"/>
      <l:template name="set" text="%t"/>
      <l:template name="setindex" text="%t"/>
      <l:template name="sidebar" text="%t"/>
      <l:template name="table" text="Taulu %n. %t"/>
      <l:template name="tip" text="%t"/>
      <l:template name="toc" text="%t"/>
      <l:template name="variablelist" text="%t"/>
      <l:template name="varlistentry" text="%n"/>
      <l:template name="warning" text="%t"/>
      <l:template name="page.citation" text=" [%p]"/>
   </l:context>

   <l:context name="section-xref">
      <l:template name="bridgehead" text="&#8220;%t&#8221;"/>
      <l:template name="refsection" text="&#8220;%t&#8221;"/>
      <l:template name="refsect1" text="&#8220;%t&#8221;"/>
      <l:template name="refsect2" text="&#8220;%t&#8221;"/>
      <l:template name="refsect3" text="&#8220;%t&#8221;"/>
      <l:template name="sect1" text="&#8220;%t&#8221;"/>
      <l:template name="sect2" text="&#8220;%t&#8221;"/>
      <l:template name="sect3" text="&#8220;%t&#8221;"/>
      <l:template name="sect4" text="&#8220;%t&#8221;"/>
      <l:template name="sect5" text="&#8220;%t&#8221;"/>
      <l:template name="section" text="&#8220;%t&#8221;"/>
      <l:template name="simplesect" text="&#8220;%t&#8221;"/>
   </l:context>

   <l:context name="section-xref-numbered">
      <l:template name="bridgehead" text="&#8220;%t&#8221;"/>
      <l:template name="refsection" text="&#8220;%t&#8221;"/>
      <l:template name="refsect1" text="&#8220;%t&#8221;"/>
      <l:template name="refsect2" text="&#8220;%t&#8221;"/>
      <l:template name="refsect3" text="&#8220;%t&#8221;"/>
      <l:template name="sect1" text="Kohta %n"/>
      <l:template name="sect2" text="Kohta %n"/>
      <l:template name="sect3" text="Kohta %n"/>
      <l:template name="sect4" text="Kohta %n"/>
      <l:template name="sect5" text="Kohta %n"/>
      <l:template name="section" text="Kohta %n"/>
      <l:template name="simplesect" text="&#8220;%t&#8221;"/>
   </l:context>

   <l:context name="authorgroup">
      <l:template name="sep" text=", "/>
      <l:template name="sep2" text=" ja "/>
      <l:template name="seplast" text=", ja "/>
   </l:context>

   <l:context name="glossary">
      <l:template name="see" text="Katso "/>
      <l:template name="seealso" text="Katso my&#246;s "/>
   </l:context>

   <l:context name="msgset">
      <l:template name="MsgAud" text="Yleis&#246;: "/>
      <l:template name="MsgLevel" text="Taso: "/>
      <l:template name="MsgOrig" text="Alkuper&#228;: "/>
   </l:context>
</l:l10n>
