<?xml version="1.0" encoding="US-ASCII"?>
<l:l10n xmlns:l="http://docbook.sourceforge.net/xmlns/l10n/1.0" language="it">

<!-- This file is generated automatically. -->
<!-- Do not edit this file by hand! -->
<!-- See http://docbook.sourceforge.net/ -->
<!-- To update this file: edit the corresponding document at -->
<!-- http://cvs.sourceforge.net/cgi-bin/viewcvs.cgi/docbook/gentext/locale/ -->

   <l:gentext key="Abstract" text="Estratto"/>
   <l:gentext key="abstract" text="Estratto"/>
   <l:gentext key="Answer" text="R:"/>
   <l:gentext key="answer" text="R:"/>
   <l:gentext key="Appendix" text="Appendice"/>
   <l:gentext key="appendix" text="appendice"/>
   <l:gentext key="Article" text="Articolo"/>
   <l:gentext key="article" text="Articolo"/>
   <l:gentext key="Bibliography" text="Bibliografia"/>
   <l:gentext key="bibliography" text="Bibliografia"/>
   <l:gentext key="Book" text="Libro"/>
   <l:gentext key="book" text="Libro"/>
   <l:gentext key="CAUTION" text="ATTENZIONE"/>
   <l:gentext key="Caution" text="Attenzione"/>
   <l:gentext key="caution" text="Attenzione"/>
   <l:gentext key="Chapter" text="Capitolo"/>
   <l:gentext key="chapter" text="capitolo"/>
   <l:gentext key="Colophon" text="Colophon"/>
   <l:gentext key="colophon" text="Colophon"/>
   <l:gentext key="Copyright" text="Copyright"/>
   <l:gentext key="copyright" text="Copyright"/>
   <l:gentext key="Dedication" text="Dedica"/>
   <l:gentext key="dedication" text="Dedica"/>
   <l:gentext key="Edition" text="Edizione"/>
   <l:gentext key="edition" text="Edizione"/>
   <l:gentext key="Equation" text="Equazione"/>
   <l:gentext key="equation" text="Equazione"/>
   <l:gentext key="Example" text="Esempio"/>
   <l:gentext key="example" text="Esempio"/>
   <l:gentext key="Figure" text="Figura"/>
   <l:gentext key="figure" text="Figura"/>
   <l:gentext key="Glossary" text="Glossario"/>
   <l:gentext key="glossary" text="Glossario"/>
   <l:gentext key="GlossSee" text="Vedi"/>
   <l:gentext key="glosssee" text="Vedi"/>
   <l:gentext key="GlossSeeAlso" text="Vedi Anche"/>
   <l:gentext key="glossseealso" text="Vedi Anche"/>
   <l:gentext key="IMPORTANT" text="IMPORTANTE"/>
   <l:gentext key="important" text="Importante"/>
   <l:gentext key="Important" text="Importante"/>
   <l:gentext key="Index" text="Indice"/>
   <l:gentext key="index" text="Indice"/>
   <l:gentext key="ISBN" text="ISBN"/>
   <l:gentext key="isbn" text="ISBN"/>
   <l:gentext key="LegalNotice" text="Note Legali"/>
   <l:gentext key="legalnotice" text="Note Legali"/>
   <l:gentext key="MsgAud" text="Pubblico"/>
   <l:gentext key="msgaud" text="Pubblico"/>
   <l:gentext key="MsgLevel" text="Livello"/>
   <l:gentext key="msglevel" text="Livello"/>
   <l:gentext key="MsgOrig" text="Origine"/>
   <l:gentext key="msgorig" text="Origine"/>
   <l:gentext key="NOTE" text="NOTA"/>
   <l:gentext key="Note" text="Nota"/>
   <l:gentext key="note" text="Nota"/>
   <l:gentext key="Part" text="Parte"/>
   <l:gentext key="part" text="Parte"/>
   <l:gentext key="Preface" text="Prefazione"/>
   <l:gentext key="preface" text="Prefazione"/>
   <l:gentext key="Procedure" text="Procedura"/>
   <l:gentext key="procedure" text="Procedura"/>
   <l:gentext key="ProductionSet" text="Produzione"/>
   <l:gentext key="Published" text="Pubblicato"/>
   <l:gentext key="published" text="Pubblicato"/>
   <l:gentext key="Question" text="D:"/>
   <l:gentext key="question" text="D:"/>
   <l:gentext key="RefEntry" text=""/>
   <l:gentext key="refentry" text=""/>
   <l:gentext key="Reference" text="Riferimento"/>
   <l:gentext key="reference" text="Riferimento"/>
   <l:gentext key="RefName" text="Nome"/>
   <l:gentext key="refname" text="Nome"/>
   <l:gentext key="RefSection" text=""/>
   <l:gentext key="refsection" text=""/>
   <l:gentext key="RefSynopsisDiv" text="Sinossi"/>
   <l:gentext key="refsynopsisdiv" text="Sinossi"/>
   <l:gentext key="RevHistory" text="Diario delle Revisioni"/>
   <l:gentext key="revhistory" text="Diario delle Revisioni"/>
   <l:gentext key="revision" text="Revisione"/>
   <l:gentext key="Revision" text="Revisione"/>
   <l:gentext key="sect1" text="Sezione"/>
   <l:gentext key="sect2" text="Sezione"/>
   <l:gentext key="sect3" text="Sezione"/>
   <l:gentext key="sect4" text="Sezione"/>
   <l:gentext key="sect5" text="Sezione"/>
   <l:gentext key="section" text="Sezione"/>
   <l:gentext key="Section" text="Sezione"/>
   <l:gentext key="See" text="Vd."/>
   <l:gentext key="see" text="Vd."/>
   <l:gentext key="SeeAlso" text="Vd. Anche"/>
   <l:gentext key="seealso" text="Vd. Anche"/>
   <l:gentext key="Seealso" text="Vd. anche"/>
   <l:gentext key="set" text="Raccolta"/>
   <l:gentext key="Set" text="Raccolta"/>
   <l:gentext key="setindex" text="Indice Raccolta"/>
   <l:gentext key="SetIndex" text="Indice Raccolta"/>
   <l:gentext key="Sidebar" text=""/>
   <l:gentext key="sidebar" text="nota a margine"/>
   <l:gentext key="step" text="passo"/>
   <l:gentext key="Step" text="Passo"/>
   <l:gentext key="Table" text="Tabella"/>
   <l:gentext key="table" text="Tabella"/>
   <l:gentext key="tip" text="Suggerimento"/>
   <l:gentext key="TIP" text="SUGGERIMENTO"/>
   <l:gentext key="Tip" text="Suggerimento"/>
   <l:gentext key="Warning" text="Avvertimento"/>
   <l:gentext key="warning" text="avvertimento"/>
   <l:gentext key="WARNING" text="AVVERTIMENTO"/>
   <l:gentext key="and" text="e"/>
   <l:gentext key="by" text="di"/>
   <l:gentext key="Edited" text="A cura"/>
   <l:gentext key="edited" text="A cura"/>
   <l:gentext key="Editedby" text="A cura di"/>
   <l:gentext key="editedby" text="A cura di"/>
   <l:gentext key="in" text="in"/>
   <l:gentext key="lastlistcomma" text=","/>
   <l:gentext key="listcomma" text=","/>
   <l:gentext key="nonexistantelement" text="elemento non esistente"/>
   <l:gentext key="notes" text="Note"/>
   <l:gentext key="Notes" text="Note"/>
   <l:gentext key="Pgs" text="pp."/>
   <l:gentext key="pgs" text="pp."/>
   <l:gentext key="Revisedby" text="Revisionato da: "/>
   <l:gentext key="revisedby" text="Revisionato da: "/>
   <l:gentext key="TableNotes" text="Note"/>
   <l:gentext key="tablenotes" text="Note"/>
   <l:gentext key="TableofContents" text="Sommario"/>
   <l:gentext key="tableofcontents" text="Sommario"/>
   <l:gentext key="unexpectedelementname" text="Nome elemento inaspettato"/>
   <l:gentext key="unsupported" text="non supportato"/>
   <l:gentext key="xrefto" text="riferimento a"/>
   <l:gentext key="listofequations" text="Lista delle Equazioni"/>
   <l:gentext key="ListofEquations" text="Lista delle Equazioni"/>
   <l:gentext key="ListofExamples" text="Lista degli Esempi"/>
   <l:gentext key="listofexamples" text="Lista degli Esempi"/>
   <l:gentext key="ListofFigures" text="Lista delle Figure"/>
   <l:gentext key="listoffigures" text="Lista delle Figure"/>
   <l:gentext key="listoftables" text="Lista delle Tabelle"/>
   <l:gentext key="ListofTables" text="Lista delle Tabelle"/>
   <l:gentext key="ListofUnknown" text="Lista degli Sconosciuti"/>
   <l:gentext key="listofunknown" text="Lista degli Sconosciuti"/>
   <l:gentext key="nav-home" text="Partenza"/>
   <l:gentext key="nav-next" text="Avanti"/>
   <l:gentext key="nav-next-sibling" text="Salta Avanti"/>
   <l:gentext key="nav-prev" text="Indietro"/>
   <l:gentext key="nav-prev-sibling" text="Salta Indietro"/>
   <l:gentext key="nav-up" text="Risali"/>
   <l:gentext key="Draft" text="Bozza"/>
   <l:gentext key="above" text="sopra"/>
   <l:gentext key="below" text="sotto"/>
   <l:gentext key="sectioncalled" text="la sezione chiamata"/>
   <l:gentext key="index symbols" text="Simboli"/>
   <l:gentext key="lowercase.alpha" text="abcdefghijklmnopqrstuvwxyz"/>
   <l:gentext key="uppercase.alpha" text="ABCDEFGHIJKLMNOPQRSTUVWXYZ"/>
   <l:dingbat key="startquote" text="&#8220;"/>
   <l:dingbat key="endquote" text="&#8221;"/>
   <l:dingbat key="nestedstartquote" text="&#8216;"/>
   <l:dingbat key="nestedendquote" text="&#8217;"/>
   <l:dingbat key="bullet" text="&#8226;"/>

   <l:context name="styles">
      <l:template name="person-name" text="first-last"/>
   </l:context>

   <l:context name="title">
      <l:template name="abstract" text="%t"/>
      <l:template name="answer" text="%t"/>
      <l:template name="appendix" text="Appendice&#160;%n.&#160;%t"/>
      <l:template name="article" text="%t"/>
      <l:template name="authorblurb" text="%t"/>
      <l:template name="bibliodiv" text="%t"/>
      <l:template name="biblioentry" text="%t"/>
      <l:template name="bibliography" text="%t"/>
      <l:template name="bibliomixed" text="%t"/>
      <l:template name="bibliomset" text="%t"/>
      <l:template name="biblioset" text="%t"/>
      <l:template name="blockquote" text="%t"/>
      <l:template name="book" text="%t"/>
      <l:template name="calloutlist" text="%t"/>
      <l:template name="caution" text="%t"/>
      <l:template name="chapter" text="Capitolo&#160;%n.&#160;%t"/>
      <l:template name="colophon" text="%t"/>
      <l:template name="dedication" text="%t"/>
      <l:template name="equation" text="Equazione&#160;%n.&#160;%t"/>
      <l:template name="example" text="Esempio&#160;%n.&#160;%t"/>
      <l:template name="figure" text="Figura&#160;%n.&#160;%t"/>
      <l:template name="formalpara" text="%t"/>
      <l:template name="glossary" text="%t"/>
      <l:template name="glossdiv" text="%t"/>
      <l:template name="important" text="%t"/>
      <l:template name="index" text="%t"/>
      <l:template name="indexdiv" text="%t"/>
      <l:template name="itemizedlist" text="%t"/>
      <l:template name="legalnotice" text="%t"/>
      <l:template name="listitem" text=""/>
      <l:template name="lot" text="%t"/>
      <l:template name="msg" text="%t"/>
      <l:template name="msgexplan" text="%t"/>
      <l:template name="msgmain" text="%t"/>
      <l:template name="msgrel" text="%t"/>
      <l:template name="msgset" text="%t"/>
      <l:template name="msgsub" text="%t"/>
      <l:template name="note" text="%t"/>
      <l:template name="orderedlist" text="%t"/>
      <l:template name="part" text="Parte&#160;%n.&#160;%t"/>
      <l:template name="partintro" text="%t"/>
      <l:template name="preface" text="%t"/>
      <l:template name="procedure" text="%t"/>
      <l:template name="procedure.formal" text="Procedura&#160;%n.&#160;%t"/>
      <l:template name="productionset" text="%t"/>
      <l:template name="productionset.formal" text="Produzione&#160;%n"/>
      <l:template name="qandadiv" text="%t"/>
      <l:template name="qandaentry" text="%t"/>
      <l:template name="qandaset" text="%t"/>
      <l:template name="question" text="%t"/>
      <l:template name="refentry" text="%t"/>
      <l:template name="reference" text="%t"/>
      <l:template name="refsection" text="%t"/>
      <l:template name="refsect1" text="%t"/>
      <l:template name="refsect2" text="%t"/>
      <l:template name="refsect3" text="%t"/>
      <l:template name="refsynopsisdiv" text="%t"/>
      <l:template name="refsynopsisdivinfo" text="%t"/>
      <l:template name="segmentedlist" text="%t"/>
      <l:template name="set" text="%t"/>
      <l:template name="setindex" text="%t"/>
      <l:template name="sidebar" text="%t"/>
      <l:template name="step" text="%t"/>
      <l:template name="table" text="Tabella&#160;%n.&#160;%t"/>
      <l:template name="tip" text="%t"/>
      <l:template name="toc" text="%t"/>
      <l:template name="variablelist" text="%t"/>
      <l:template name="varlistentry" text=""/>
      <l:template name="warning" text="%t"/>
   </l:context>

   <l:context name="title-unnumbered">
      <l:template name="appendix" text="%t"/>
      <l:template name="bridgehead" text="%t"/>
      <l:template name="chapter" text="%t"/>
      <l:template name="sect1" text="%t"/>
      <l:template name="sect2" text="%t"/>
      <l:template name="sect3" text="%t"/>
      <l:template name="sect4" text="%t"/>
      <l:template name="sect5" text="%t"/>
      <l:template name="section" text="%t"/>
      <l:template name="simplesect" text="%t"/>
   </l:context>

   <l:context name="title-numbered">
      <l:template name="appendix" text="Appendice&#160;%n.&#160;%t"/>
      <l:template name="bridgehead" text="%n.&#160;%t"/>
      <l:template name="chapter" text="Capitolo&#160;%n.&#160;%t"/>
      <l:template name="sect1" text="%n.&#160;%t"/>
      <l:template name="sect2" text="%n.&#160;%t"/>
      <l:template name="sect3" text="%n.&#160;%t"/>
      <l:template name="sect4" text="%n.&#160;%t"/>
      <l:template name="sect5" text="%n.&#160;%t"/>
      <l:template name="section" text="%n.&#160;%t"/>
      <l:template name="simplesect" text="%t"/>
   </l:context>

   <l:context name="subtitle">
      <l:template name="appendix" text="%s"/>
      <l:template name="article" text="%s"/>
      <l:template name="bibliodiv" text="%s"/>
      <l:template name="biblioentry" text="%s"/>
      <l:template name="bibliography" text="%s"/>
      <l:template name="bibliomixed" text="%s"/>
      <l:template name="bibliomset" text="%s"/>
      <l:template name="biblioset" text="%s"/>
      <l:template name="book" text="%s"/>
      <l:template name="chapter" text="%s"/>
      <l:template name="colophon" text="%s"/>
      <l:template name="dedication" text="%s"/>
      <l:template name="glossary" text="%s"/>
      <l:template name="glossdiv" text="%s"/>
      <l:template name="index" text="%s"/>
      <l:template name="indexdiv" text="%s"/>
      <l:template name="lot" text="%s"/>
      <l:template name="part" text="%s"/>
      <l:template name="partintro" text="%s"/>
      <l:template name="preface" text="%s"/>
      <l:template name="refentry" text="%s"/>
      <l:template name="reference" text="%s"/>
      <l:template name="refsection" text="%s"/>
      <l:template name="refsect1" text="%s"/>
      <l:template name="refsect2" text="%s"/>
      <l:template name="refsect3" text="%s"/>
      <l:template name="refsynopsisdiv" text="%s"/>
      <l:template name="sect1" text="%s"/>
      <l:template name="sect2" text="%s"/>
      <l:template name="sect3" text="%s"/>
      <l:template name="sect4" text="%s"/>
      <l:template name="sect5" text="%s"/>
      <l:template name="section" text="%s"/>
      <l:template name="set" text="%s"/>
      <l:template name="setindex" text="%s"/>
      <l:template name="sidebar" text="%s"/>
      <l:template name="simplesect" text="%s"/>
      <l:template name="toc" text="%s"/>
   </l:context>

   <l:context name="xref">
      <l:template name="abstract" text="%t"/>
      <l:template name="answer" text="R:&#160;%n"/>
      <l:template name="appendix" text="Appendice&#160;%n"/>
      <l:template name="article" text="%t"/>
      <l:template name="authorblurb" text="%t"/>
      <l:template name="bibliodiv" text="%t"/>
      <l:template name="bibliography" text="%t"/>
      <l:template name="bibliomset" text="%t"/>
      <l:template name="biblioset" text="%t"/>
      <l:template name="blockquote" text="%t"/>
      <l:template name="book" text="%t"/>
      <l:template name="calloutlist" text="%t"/>
      <l:template name="caution" text="%t"/>
      <l:template name="chapter" text="Capitolo&#160;%n"/>
      <l:template name="colophon" text="%t"/>
      <l:template name="constraintdef" text="%t"/>
      <l:template name="dedication" text="%t"/>
      <l:template name="equation" text="Equazione&#160;%n"/>
      <l:template name="example" text="Esempio&#160;%n"/>
      <l:template name="figure" text="Figura&#160;%n"/>
      <l:template name="formalpara" text="%t"/>
      <l:template name="glossary" text="%t"/>
      <l:template name="glossdiv" text="%t"/>
      <l:template name="important" text="%t"/>
      <l:template name="index" text="%t"/>
      <l:template name="indexdiv" text="%t"/>
      <l:template name="itemizedlist" text="%t"/>
      <l:template name="legalnotice" text="%t"/>
      <l:template name="listitem" text="%n"/>
      <l:template name="lot" text="%t"/>
      <l:template name="msg" text="%t"/>
      <l:template name="msgexplan" text="%t"/>
      <l:template name="msgmain" text="%t"/>
      <l:template name="msgrel" text="%t"/>
      <l:template name="msgset" text="%t"/>
      <l:template name="msgsub" text="%t"/>
      <l:template name="note" text="%t"/>
      <l:template name="orderedlist" text="%t"/>
      <l:template name="part" text="Parte&#160;%n"/>
      <l:template name="partintro" text="%t"/>
      <l:template name="preface" text="%t"/>
      <l:template name="procedure" text="Procedura&#160;%n"/>
      <l:template name="productionset" text="%t"/>
      <l:template name="qandadiv" text="%t"/>
      <l:template name="qandaentry" text="D:&#160;%n"/>
      <l:template name="qandaset" text="%t"/>
      <l:template name="question" text="D:&#160;%n"/>
      <l:template name="reference" text="%t"/>
      <l:template name="refsection" text="%t"/>
      <l:template name="refsect1" text="%t"/>
      <l:template name="refsect2" text="%t"/>
      <l:template name="refsect3" text="%t"/>
      <l:template name="refsynopsisdiv" text="%t"/>
      <l:template name="segmentedlist" text="%t"/>
      <l:template name="set" text="%t"/>
      <l:template name="setindex" text="%t"/>
      <l:template name="sidebar" text="%t"/>
      <l:template name="table" text="Tabella&#160;%n"/>
      <l:template name="tip" text="%t"/>
      <l:template name="toc" text="%t"/>
      <l:template name="variablelist" text="%t"/>
      <l:template name="varlistentry" text="%n"/>
      <l:template name="warning" text="%t"/>
      <l:template name="page.citation" text=" [%p]"/>
   </l:context>

   <l:context name="section-xref">
      <l:template name="bridgehead" text="la sezione chiamata &#8220;%t&#8221;"/>
      <l:template name="refsection" text="la sezione chiamata &#8220;%t&#8221;"/>
      <l:template name="refsect1" text="la sezione chiamata &#8220;%t&#8221;"/>
      <l:template name="refsect2" text="la sezione chiamata &#8220;%t&#8221;"/>
      <l:template name="refsect3" text="la sezione chiamata &#8220;%t&#8221;"/>
      <l:template name="sect1" text="la sezione chiamata &#8220;%t&#8221;"/>
      <l:template name="sect2" text="la sezione chiamata &#8220;%t&#8221;"/>
      <l:template name="sect3" text="la sezione chiamata &#8220;%t&#8221;"/>
      <l:template name="sect4" text="la sezione chiamata &#8220;%t&#8221;"/>
      <l:template name="sect5" text="la sezione chiamata &#8220;%t&#8221;"/>
      <l:template name="section" text="la sezione chiamata &#8220;%t&#8221;"/>
      <l:template name="simplesect" text="la sezione chiamata &#8220;%t&#8221;"/>
   </l:context>

   <l:context name="section-xref-numbered">
      <l:template name="bridgehead" text="Sezione&#160;%n"/>
      <l:template name="refsection" text="la sezione chiamata &#8220;%t&#8221;"/>
      <l:template name="refsect1" text="la sezione chiamata &#8220;%t&#8221;"/>
      <l:template name="refsect2" text="la sezione chiamata &#8220;%t&#8221;"/>
      <l:template name="refsect3" text="la sezione chiamata &#8220;%t&#8221;"/>
      <l:template name="sect1" text="Sezione&#160;%n"/>
      <l:template name="sect2" text="Sezione&#160;%n"/>
      <l:template name="sect3" text="Sezione&#160;%n"/>
      <l:template name="sect4" text="Sezione&#160;%n"/>
      <l:template name="sect5" text="Sezione&#160;%n"/>
      <l:template name="section" text="Sezione&#160;%n"/>
      <l:template name="simplesect" text="la sezione chiamata &#8220;%t&#8221;"/>
   </l:context>

   <l:context name="authorgroup">
      <l:template name="sep" text=", "/>
      <l:template name="sep2" text=" e "/>
      <l:template name="seplast" text=", e "/>
   </l:context>

   <l:context name="glossary">
      <l:template name="see" text="Vedi "/>
      <l:template name="seealso" text="Vedi Anche "/>
   </l:context>

   <l:context name="msgset">
      <l:template name="MsgAud" text="Pubblico: "/>
      <l:template name="MsgLevel" text="Livello: "/>
      <l:template name="MsgOrig" text="Origine: "/>
   </l:context>
</l:l10n>
