<?xml version="1.0" encoding="US-ASCII"?>
<l:l10n xmlns:l="http://docbook.sourceforge.net/xmlns/l10n/1.0" language="ko">

<!-- This file is generated automatically. -->
<!-- Do not edit this file by hand! -->
<!-- See http://docbook.sourceforge.net/ -->
<!-- To update this file: edit the corresponding document at -->
<!-- http://cvs.sourceforge.net/cgi-bin/viewcvs.cgi/docbook/gentext/locale/ -->

   <l:gentext key="Abstract" text="&#52488;&#47197;"/>
   <l:gentext key="abstract" text="&#52488;&#47197;"/>
   <l:gentext key="Answer" text="&#45813;&#48320;"/>
   <l:gentext key="answer" text="&#45813;&#48320;"/>
   <l:gentext key="Appendix" text="&#48512;&#47197;"/>
   <l:gentext key="appendix" text="&#48512;&#47197;"/>
   <l:gentext key="Article" text="&#47928;&#49436;"/>
   <l:gentext key="article" text="&#47928;&#49436;"/>
   <l:gentext key="Bibliography" text="&#49436;&#51648;&#49324;&#54637;"/>
   <l:gentext key="bibliography" text="&#49436;&#51648;&#49324;&#54637;"/>
   <l:gentext key="Book" text="&#52293;"/>
   <l:gentext key="book" text="&#52293;"/>
   <l:gentext key="Caution" text="&#44221;&#44256;"/>
   <l:gentext key="caution" text="&#44221;&#44256;"/>
   <l:gentext key="CAUTION" text="[&#44221;&#44256;]"/>
   <l:gentext key="Chapter" text="&#51109;"/>
   <l:gentext key="chapter" text="&#51109;"/>
   <l:gentext key="Colophon" text="&#54032;&#44428;"/>
   <l:gentext key="colophon" text="&#54032;&#44428;"/>
   <l:gentext key="Copyright" text="&#51200;&#51089;&#44428;"/>
   <l:gentext key="copyright" text="&#51200;&#51089;&#44428;"/>
   <l:gentext key="Dedication" text="&#48148;&#52824;&#45716; &#44544;"/>
   <l:gentext key="dedication" text="&#48148;&#52824;&#45716; &#44544;"/>
   <l:gentext key="Edition" text="&#50670;&#51020;"/>
   <l:gentext key="edition" text="&#50670;&#51020;"/>
   <l:gentext key="Equation" text="&#49688;&#49885;"/>
   <l:gentext key="equation" text="&#49688;&#49885;"/>
   <l:gentext key="Example" text="&#50696;"/>
   <l:gentext key="example" text="&#50696;"/>
   <l:gentext key="Figure" text="&#44536;&#47548;"/>
   <l:gentext key="figure" text="&#44536;&#47548;"/>
   <l:gentext key="Glossary" text="&#50857;&#50612;&#54644;&#49444;"/>
   <l:gentext key="glossary" text="&#50857;&#50612;&#54644;&#49444;"/>
   <l:gentext key="GlossSee" text="&#49332;&#54196;&#48380; &#45236;&#50857;"/>
   <l:gentext key="glosssee" text="&#49332;&#54196;&#48380; &#45236;&#50857;"/>
   <l:gentext key="GlossSeeAlso" text="&#45796;&#47480; &#49332;&#54196;&#48380; &#45236;&#50857;"/>
   <l:gentext key="glossseealso" text="&#45796;&#47480; &#49332;&#54196;&#48380; &#45236;&#50857;"/>
   <l:gentext key="Important" text="&#51473;&#50836;"/>
   <l:gentext key="important" text="&#51473;&#50836;"/>
   <l:gentext key="IMPORTANT" text="[&#51473;&#50836;]"/>
   <l:gentext key="Index" text="&#49353;&#51064;"/>
   <l:gentext key="index" text="&#49353;&#51064;"/>
   <l:gentext key="ISBN" text="ISBN"/>
   <l:gentext key="isbn" text="ISBN"/>
   <l:gentext key="LegalNotice" text="&#48277;&#51201; &#44277;&#51648;"/>
   <l:gentext key="legalnotice" text="&#48277;&#51201; &#44277;&#51648;"/>
   <l:gentext key="MsgAud" text="&#48155;&#45716; &#51060;"/>
   <l:gentext key="msgaud" text="&#48155;&#45716; &#51060;"/>
   <l:gentext key="MsgLevel" text="&#51473;&#50836;&#46020;"/>
   <l:gentext key="msglevel" text="&#51473;&#50836;&#46020;"/>
   <l:gentext key="MsgOrig" text="&#48372;&#45236;&#45716; &#51060;"/>
   <l:gentext key="msgorig" text="&#48372;&#45236;&#45716; &#51060;"/>
   <l:gentext key="Note" text="&#52280;&#44256;"/>
   <l:gentext key="note" text="&#52280;&#44256;"/>
   <l:gentext key="NOTE" text="[&#52280;&#44256;]"/>
   <l:gentext key="Part" text="&#48512;"/>
   <l:gentext key="part" text="&#48512;"/>
   <l:gentext key="Preface" text="&#49436;&#47928;"/>
   <l:gentext key="preface" text="&#49436;&#47928;"/>
   <l:gentext key="Procedure" text="&#51208;&#52264;"/>
   <l:gentext key="procedure" text="&#51208;&#52264;"/>
   <l:gentext key="ProductionSet" text="Production"/>
   <l:gentext key="Published" text="&#54196;&#45252;"/>
   <l:gentext key="published" text="&#54196;&#45252;"/>
   <l:gentext key="Question" text="&#51656;&#47928;"/>
   <l:gentext key="question" text="&#51656;&#47928;"/>
   <l:gentext key="RefEntry" text=""/>
   <l:gentext key="refentry" text=""/>
   <l:gentext key="Reference" text="&#52280;&#44256;&#47928;&#54732;"/>
   <l:gentext key="reference" text="&#52280;&#44256;&#47928;&#54732;"/>
   <l:gentext key="RefName" text="&#51228;&#47785;"/>
   <l:gentext key="refname" text="&#51228;&#47785;"/>
   <l:gentext key="RefSection" text=""/>
   <l:gentext key="refsection" text=""/>
   <l:gentext key="RefSynopsisDiv" text="&#50836;&#50557;"/>
   <l:gentext key="refsynopsisdiv" text="&#50836;&#50557;"/>
   <l:gentext key="RevHistory" text="&#44256;&#52828; &#44284;&#51221;"/>
   <l:gentext key="revhistory" text="&#44256;&#52828; &#44284;&#51221;"/>
   <l:gentext key="Revision" text="&#44256;&#52840;"/>
   <l:gentext key="revision" text="&#44256;&#52840;"/>
   <l:gentext key="sect1" text="Section"/>
   <l:gentext key="sect2" text="Section"/>
   <l:gentext key="sect3" text="Section"/>
   <l:gentext key="sect4" text="Section"/>
   <l:gentext key="sect5" text="Section"/>
   <l:gentext key="Section" text="&#51208;"/>
   <l:gentext key="section" text="&#51208;"/>
   <l:gentext key="See" text="&#49332;&#54196;&#48380; &#45236;&#50857;"/>
   <l:gentext key="see" text="&#49332;&#54196;&#48380; &#45236;&#50857;"/>
   <l:gentext key="Seealso" text="&#49332;&#54196;&#48380; &#45796;&#47480; &#45236;&#50857;"/>
   <l:gentext key="SeeAlso" text="[&#49332;&#54196;&#48380; &#45796;&#47480; &#45236;&#50857;]"/>
   <l:gentext key="seealso" text="[&#49332;&#54196;&#48380; &#45796;&#47480; &#45236;&#50857;]"/>
   <l:gentext key="Set" text="&#51204;&#51665;"/>
   <l:gentext key="set" text="&#51204;&#51665;"/>
   <l:gentext key="SetIndex" text="&#51204;&#51665; &#49353;&#51064;"/>
   <l:gentext key="setindex" text="&#51204;&#51665; &#49353;&#51064;"/>
   <l:gentext key="Sidebar" text=""/>
   <l:gentext key="sidebar" text="&#45927;&#48537;&#51076;"/>
   <l:gentext key="Step" text="&#45800;&#44228;"/>
   <l:gentext key="step" text="&#45800;&#44228;"/>
   <l:gentext key="Table" text="&#54364;"/>
   <l:gentext key="table" text="&#54364;"/>
   <l:gentext key="Tip" text="&#51089;&#51008; &#51221;&#48372;"/>
   <l:gentext key="tip" text="&#51089;&#51008; &#51221;&#48372;"/>
   <l:gentext key="TIP" text="[&#51089;&#51008; &#51221;&#48372;]"/>
   <l:gentext key="WARNING" text="&#51452;&#51032;!"/>
   <l:gentext key="Warning" text="&#51452;&#51032;"/>
   <l:gentext key="warning" text="&#51452;&#51032;"/>
   <l:gentext key="and" text="&#44536;&#47532;&#44256;"/>
   <l:gentext key="by" text="&#51648;&#51008;&#51060;"/>
   <l:gentext key="Edited" text="&#50670;&#51020;"/>
   <l:gentext key="edited" text="&#50670;&#51020;"/>
   <l:gentext key="Editedby" text="&#50670;&#51008;&#51060;"/>
   <l:gentext key="editedby" text="&#50670;&#51008;&#51060;"/>
   <l:gentext key="in" text="-"/>
   <l:gentext key="lastlistcomma" text=","/>
   <l:gentext key="listcomma" text=","/>
   <l:gentext key="nonexistantelement" text="&#51316;&#51116;&#54616;&#51648; &#50506;&#45716; &#44592;&#52488;&#50836;&#49548;&#51077;&#45768;&#45796;"/>
   <l:gentext key="notes" text="&#51452;&#49437;"/>
   <l:gentext key="Notes" text="&#51452;&#49437;"/>
   <l:gentext key="Pgs" text="Pgs."/>
   <l:gentext key="pgs" text="Pgs."/>
   <l:gentext key="Revisedby" text="&#44256;&#52828;&#51060; "/>
   <l:gentext key="revisedby" text="&#44256;&#52828;&#51060; "/>
   <l:gentext key="TableNotes" text="&#52280;&#44256;"/>
   <l:gentext key="tablenotes" text="&#52280;&#44256;"/>
   <l:gentext key="TableofContents" text="&#52264;&#47168;"/>
   <l:gentext key="tableofcontents" text="&#52264;&#47168;"/>
   <l:gentext key="unexpectedelementname" text="&#50508; &#49688; &#50630;&#45716; &#44592;&#52488;&#50836;&#49548; &#51060;&#47492;&#51077;&#45768;&#45796;"/>
   <l:gentext key="unsupported" text="&#51648;&#50896;&#46104;&#51648; &#50506;&#49845;&#45768;&#45796;"/>
   <l:gentext key="xrefto" text="&#51060; &#44275;&#51012; &#52280;&#51312;&#54616;&#49464;&#50836; : "/>
   <l:gentext key="listofequations" text="&#49688;&#49885; &#47785;&#47197;"/>
   <l:gentext key="ListofEquations" text="&#49688;&#49885; &#47785;&#47197;"/>
   <l:gentext key="ListofExamples" text="&#50696; &#47785;&#47197;"/>
   <l:gentext key="listofexamples" text="&#50696; &#47785;&#47197;"/>
   <l:gentext key="ListofFigures" text="&#44536;&#47548; &#47785;&#47197;"/>
   <l:gentext key="listoffigures" text="&#44536;&#47548; &#47785;&#47197;"/>
   <l:gentext key="listoftables" text="&#54364; &#47785;&#47197;"/>
   <l:gentext key="ListofTables" text="&#54364; &#47785;&#47197;"/>
   <l:gentext key="ListofUnknown" text="&#44592;&#53440; &#47785;&#47197;"/>
   <l:gentext key="listofunknown" text="&#44592;&#53440; &#47785;&#47197;"/>
   <l:gentext key="nav-home" text="&#52376;&#51020;&#51004;&#47196;"/>
   <l:gentext key="nav-next" text="&#45796;&#51020;"/>
   <l:gentext key="nav-next-sibling" text="&#45796;&#51020;&#51004;&#47196; &#44148;&#45320;&#46848;"/>
   <l:gentext key="nav-prev" text="&#51060;&#51204;"/>
   <l:gentext key="nav-prev-sibling" text="&#51060;&#51204;&#51004;&#47196; &#44148;&#45320;&#46848;"/>
   <l:gentext key="nav-up" text="&#50948;&#47196;"/>
   <l:gentext key="sectioncalled" text="the section called"/>
   <l:gentext key="Draft" text="Draft"/>
   <l:gentext key="above" text="above"/>
   <l:gentext key="below" text="below"/>
   <l:gentext key="index symbols" text="Symbols"/>
   <l:dingbat key="startquote" text="&#8220;"/>
   <l:dingbat key="endquote" text="&#8221;"/>
   <l:dingbat key="nestedstartquote" text="&#8216;"/>
   <l:dingbat key="nestedendquote" text="&#8217;"/>
   <l:dingbat key="bullet" text="&#8226;"/>

   <l:context name="styles">
      <l:template name="person-name" text="first-last"/>
   </l:context>

   <l:context name="title">
      <l:template name="abstract" text="%t"/>
      <l:template name="answer" text="%t"/>
      <l:template name="appendix" text="&#48512;&#47197; %n. %t"/>
      <l:template name="article" text="%t"/>
      <l:template name="authorblurb" text="%t"/>
      <l:template name="bibliodiv" text="%t"/>
      <l:template name="biblioentry" text="%t"/>
      <l:template name="bibliography" text="%t"/>
      <l:template name="bibliomixed" text="%t"/>
      <l:template name="bibliomset" text="%t"/>
      <l:template name="biblioset" text="%t"/>
      <l:template name="blockquote" text="%t"/>
      <l:template name="book" text="%t"/>
      <l:template name="calloutlist" text="%t"/>
      <l:template name="caution" text="%t"/>
      <l:template name="chapter" text="%n&#51109;. %t"/>
      <l:template name="colophon" text="%t"/>
      <l:template name="dedication" text="%t"/>
      <l:template name="equation" text="&#49688;&#49885; %n. %t"/>
      <l:template name="example" text="&#50696; %n. %t"/>
      <l:template name="figure" text="&#44536;&#47548; %n. %t"/>
      <l:template name="formalpara" text="%t"/>
      <l:template name="glossary" text="%t"/>
      <l:template name="glossdiv" text="%t"/>
      <l:template name="important" text="%t"/>
      <l:template name="index" text="%t"/>
      <l:template name="indexdiv" text="%t"/>
      <l:template name="itemizedlist" text="%t"/>
      <l:template name="legalnotice" text="%t"/>
      <l:template name="listitem" text=""/>
      <l:template name="lot" text="%t"/>
      <l:template name="msg" text="%t"/>
      <l:template name="msgexplan" text="%t"/>
      <l:template name="msgmain" text="%t"/>
      <l:template name="msgrel" text="%t"/>
      <l:template name="msgset" text="%t"/>
      <l:template name="msgsub" text="%t"/>
      <l:template name="note" text="%t"/>
      <l:template name="orderedlist" text="%t"/>
      <l:template name="part" text="%n&#48512;. %t"/>
      <l:template name="partintro" text="%t"/>
      <l:template name="preface" text="%t"/>
      <l:template name="procedure" text="%t"/>
      <l:template name="procedure.formal" text="&#51208;&#52264;&#160;%n.&#160;%t"/>
      <l:template name="productionset" text="%t"/>
      <l:template name="productionset.formal" text="Production&#160;%n"/>
      <l:template name="qandadiv" text="%t"/>
      <l:template name="qandaentry" text="%t"/>
      <l:template name="qandaset" text="%t"/>
      <l:template name="question" text="%t"/>
      <l:template name="refentry" text="%t"/>
      <l:template name="reference" text="%t"/>
      <l:template name="refsection" text="%t"/>
      <l:template name="refsect1" text="%t"/>
      <l:template name="refsect2" text="%t"/>
      <l:template name="refsect3" text="%t"/>
      <l:template name="refsynopsisdiv" text="%t"/>
      <l:template name="refsynopsisdivinfo" text="%t"/>
      <l:template name="segmentedlist" text="%t"/>
      <l:template name="set" text="%t"/>
      <l:template name="setindex" text="%t"/>
      <l:template name="sidebar" text="%t"/>
      <l:template name="step" text="%t"/>
      <l:template name="table" text="&#54364; %n. %t"/>
      <l:template name="tip" text="%t"/>
      <l:template name="toc" text="%t"/>
      <l:template name="variablelist" text="%t"/>
      <l:template name="warning" text="%t"/>
   </l:context>

   <l:context name="title-unnumbered">
      <l:template name="appendix" text="%t"/>
      <l:template name="bridgehead" text="%t"/>
      <l:template name="chapter" text="%t"/>
      <l:template name="sect1" text="%t"/>
      <l:template name="sect2" text="%t"/>
      <l:template name="sect3" text="%t"/>
      <l:template name="sect4" text="%t"/>
      <l:template name="sect5" text="%t"/>
      <l:template name="section" text="%t"/>
      <l:template name="simplesect" text="%t"/>
   </l:context>

   <l:context name="title-numbered">
      <l:template name="appendix" text="&#48512;&#47197; %n. %t"/>
      <l:template name="bridgehead" text="%n. %t"/>
      <l:template name="chapter" text="%n&#51109;. %t"/>
      <l:template name="sect1" text="%n. %t"/>
      <l:template name="sect2" text="%n. %t"/>
      <l:template name="sect3" text="%n. %t"/>
      <l:template name="sect4" text="%n. %t"/>
      <l:template name="sect5" text="%n. %t"/>
      <l:template name="section" text="%n. %t"/>
      <l:template name="simplesect" text="%n. %t"/>
   </l:context>

   <l:context name="subtitle">
      <l:template name="appendix" text="%s"/>
      <l:template name="article" text="%s"/>
      <l:template name="bibliodiv" text="%s"/>
      <l:template name="biblioentry" text="%s"/>
      <l:template name="bibliography" text="%s"/>
      <l:template name="bibliomixed" text="%s"/>
      <l:template name="bibliomset" text="%s"/>
      <l:template name="biblioset" text="%s"/>
      <l:template name="book" text="%s"/>
      <l:template name="chapter" text="%s"/>
      <l:template name="colophon" text="%s"/>
      <l:template name="dedication" text="%s"/>
      <l:template name="glossary" text="%s"/>
      <l:template name="glossdiv" text="%s"/>
      <l:template name="index" text="%s"/>
      <l:template name="indexdiv" text="%s"/>
      <l:template name="lot" text="%s"/>
      <l:template name="part" text="%s"/>
      <l:template name="partintro" text="%s"/>
      <l:template name="preface" text="%s"/>
      <l:template name="refentry" text="%s"/>
      <l:template name="reference" text="%s"/>
      <l:template name="refsection" text="%s"/>
      <l:template name="refsect1" text="%s"/>
      <l:template name="refsect2" text="%s"/>
      <l:template name="refsect3" text="%s"/>
      <l:template name="refsynopsisdiv" text="%s"/>
      <l:template name="sect1" text="%s"/>
      <l:template name="sect2" text="%s"/>
      <l:template name="sect3" text="%s"/>
      <l:template name="sect4" text="%s"/>
      <l:template name="sect5" text="%s"/>
      <l:template name="section" text="%s"/>
      <l:template name="set" text="%s"/>
      <l:template name="setindex" text="%s"/>
      <l:template name="sidebar" text="%s"/>
      <l:template name="simplesect" text="%s"/>
      <l:template name="toc" text="%s"/>
   </l:context>

   <l:context name="xref">
      <l:template name="abstract" text="%t"/>
      <l:template name="answer" text="&#45813;&#48320;&#160;%n"/>
      <l:template name="appendix" text="&#48512;&#47197; %n. %t"/>
      <l:template name="article" text="%t"/>
      <l:template name="authorblurb" text="%t"/>
      <l:template name="bibliodiv" text="%t"/>
      <l:template name="bibliography" text="%t"/>
      <l:template name="bibliomset" text="%t"/>
      <l:template name="biblioset" text="%t"/>
      <l:template name="blockquote" text="%t"/>
      <l:template name="book" text="%t"/>
      <l:template name="calloutlist" text="%t"/>
      <l:template name="caution" text="%t"/>
      <l:template name="chapter" text="%n&#51109;. %t"/>
      <l:template name="colophon" text="%t"/>
      <l:template name="constraintdef" text="%t"/>
      <l:template name="dedication" text="%t"/>
      <l:template name="equation" text="&#49688;&#49885;&#160;%n"/>
      <l:template name="example" text="&#50696; %n. %t"/>
      <l:template name="figure" text="&#44536;&#47548; %n. %t"/>
      <l:template name="formalpara" text="%t"/>
      <l:template name="glossary" text="%t"/>
      <l:template name="glossdiv" text="%t"/>
      <l:template name="important" text="%t"/>
      <l:template name="index" text="%t"/>
      <l:template name="indexdiv" text="%t"/>
      <l:template name="itemizedlist" text="%t"/>
      <l:template name="legalnotice" text="%t"/>
      <l:template name="listitem" text="%n"/>
      <l:template name="lot" text="%t"/>
      <l:template name="msg" text="%t"/>
      <l:template name="msgexplan" text="%t"/>
      <l:template name="msgmain" text="%t"/>
      <l:template name="msgrel" text="%t"/>
      <l:template name="msgset" text="%t"/>
      <l:template name="msgsub" text="%t"/>
      <l:template name="note" text="%t"/>
      <l:template name="orderedlist" text="%t"/>
      <l:template name="part" text="%n&#48512;. %t"/>
      <l:template name="partintro" text="%t"/>
      <l:template name="preface" text="%t"/>
      <l:template name="procedure" text="&#51208;&#52264;&#160;%n"/>
      <l:template name="productionset" text="%t"/>
      <l:template name="qandadiv" text="%t"/>
      <l:template name="qandaentry" text="&#51656;&#47928;&#160;%n"/>
      <l:template name="qandaset" text="%t"/>
      <l:template name="question" text="&#51656;&#47928;&#160;%n"/>
      <l:template name="reference" text="%t"/>
      <l:template name="refsection" text="%t"/>
      <l:template name="refsect1" text="%t"/>
      <l:template name="refsect2" text="%t"/>
      <l:template name="refsect3" text="%t"/>
      <l:template name="refsynopsisdiv" text="%t"/>
      <l:template name="segmentedlist" text="%t"/>
      <l:template name="set" text="%t"/>
      <l:template name="setindex" text="%t"/>
      <l:template name="sidebar" text="%t"/>
      <l:template name="table" text="&#54364; %n. %t"/>
      <l:template name="tip" text="%t"/>
      <l:template name="toc" text="%t"/>
      <l:template name="variablelist" text="%t"/>
      <l:template name="varlistentry" text="%n"/>
      <l:template name="warning" text="%t"/>
      <l:template name="page.citation" text=" [%p]"/>
   </l:context>

   <l:context name="section-xref">
      <l:template name="bridgehead" text="&#8220;%t&#8221;"/>
      <l:template name="refsection" text="&#8220;%t&#8221;"/>
      <l:template name="refsect1" text="&#8220;%t&#8221;"/>
      <l:template name="refsect2" text="&#8220;%t&#8221;"/>
      <l:template name="refsect3" text="&#8220;%t&#8221;"/>
      <l:template name="sect1" text="&#8220;%t&#8221;"/>
      <l:template name="sect2" text="&#8220;%t&#8221;"/>
      <l:template name="sect3" text="&#8220;%t&#8221;"/>
      <l:template name="sect4" text="&#8220;%t&#8221;"/>
      <l:template name="sect5" text="&#8220;%t&#8221;"/>
      <l:template name="section" text="&#8220;%t&#8221;"/>
      <l:template name="simplesect" text="&#8220;%t&#8221;"/>
   </l:context>

   <l:context name="section-xref-numbered">
      <l:template name="bridgehead" text="&#8220;%t&#8221;"/>
      <l:template name="refsection" text="&#8220;%t&#8221;"/>
      <l:template name="refsect1" text="&#8220;%t&#8221;"/>
      <l:template name="refsect2" text="&#8220;%t&#8221;"/>
      <l:template name="refsect3" text="&#8220;%t&#8221;"/>
      <l:template name="sect1" text="%n&#51208;"/>
      <l:template name="sect2" text="%n&#51208;"/>
      <l:template name="sect3" text="%n&#51208;"/>
      <l:template name="sect4" text="%n&#51208;"/>
      <l:template name="sect5" text="%n&#51208;"/>
      <l:template name="section" text="%n&#51208;"/>
      <l:template name="simplesect" text="&#8220;%t&#8221;"/>
   </l:context>

   <l:context name="authorgroup">
      <l:template name="sep" text=", "/>
      <l:template name="sep2" text=" &#44536;&#47532;&#44256; "/>
      <l:template name="seplast" text=", &#44536;&#47532;&#44256; "/>
   </l:context>

   <l:context name="glossary">
      <l:template name="see" text="&#49332;&#54196;&#48380; &#45236;&#50857; "/>
      <l:template name="seealso" text="&#45796;&#47480; &#49332;&#54196;&#48380; &#45236;&#50857; "/>
   </l:context>

   <l:context name="msgset">
      <l:template name="MsgAud" text="&#48155;&#45716; &#51060;: "/>
      <l:template name="MsgLevel" text="&#51473;&#50836;&#46020;: "/>
      <l:template name="MsgOrig" text="&#48372;&#45236;&#45716; &#51060;: "/>
   </l:context>
</l:l10n>
