<?xml version="1.0" encoding="US-ASCII"?>
<l:l10n xmlns:l="http://docbook.sourceforge.net/xmlns/l10n/1.0" language="no">

<!-- This file is generated automatically. -->
<!-- Do not edit this file by hand! -->
<!-- See http://docbook.sourceforge.net/ -->
<!-- To update this file: edit the corresponding document at -->
<!-- http://cvs.sourceforge.net/cgi-bin/viewcvs.cgi/docbook/gentext/locale/ -->

   <l:gentext key="Abstract" text="Abstract"/>
   <l:gentext key="abstract" text="Abstract"/>
   <l:gentext key="Answer" text="A:"/>
   <l:gentext key="answer" text="A:"/>
   <l:gentext key="Appendix" text="Tillegg"/>
   <l:gentext key="appendix" text="Tillegg"/>
   <l:gentext key="Article" text=""/>
   <l:gentext key="article" text=""/>
   <l:gentext key="Bibliography" text="Bibliografi"/>
   <l:gentext key="bibliography" text="Bibliografi"/>
   <l:gentext key="Book" text=""/>
   <l:gentext key="book" text=""/>
   <l:gentext key="CAUTION" text="OBS"/>
   <l:gentext key="Caution" text="Obs"/>
   <l:gentext key="caution" text="Obs"/>
   <l:gentext key="Chapter" text="Kapittel"/>
   <l:gentext key="chapter" text="Kapittel"/>
   <l:gentext key="Colophon" text="Colophon"/>
   <l:gentext key="colophon" text="Colophon"/>
   <l:gentext key="Copyright" text="Copyright"/>
   <l:gentext key="copyright" text="Copyright"/>
   <l:gentext key="Dedication" text="Dedikasjon"/>
   <l:gentext key="dedication" text="Dedikasjon"/>
   <l:gentext key="Edition" text=""/>
   <l:gentext key="edition" text=""/>
   <l:gentext key="Equation" text="Formel"/>
   <l:gentext key="equation" text="Formel"/>
   <l:gentext key="Example" text="Eksempel"/>
   <l:gentext key="example" text="Eksempel"/>
   <l:gentext key="Figure" text="Figur"/>
   <l:gentext key="figure" text="Figur"/>
   <l:gentext key="Glossary" text="Ordliste"/>
   <l:gentext key="glossary" text="Ordliste"/>
   <l:gentext key="GlossSee" text="Se"/>
   <l:gentext key="glosssee" text="Se"/>
   <l:gentext key="GlossSeeAlso" text="Se Ogs&#229;"/>
   <l:gentext key="glossseealso" text="Se Ogs&#229;"/>
   <l:gentext key="IMPORTANT" text="VIKTIG"/>
   <l:gentext key="Important" text="Viktig"/>
   <l:gentext key="important" text="Viktig"/>
   <l:gentext key="Index" text="Indeks"/>
   <l:gentext key="index" text="Indeks"/>
   <l:gentext key="ISBN" text="ISBN"/>
   <l:gentext key="isbn" text="ISBN"/>
   <l:gentext key="LegalNotice" text=""/>
   <l:gentext key="legalnotice" text=""/>
   <l:gentext key="MsgAud" text="Publikum"/>
   <l:gentext key="msgaud" text="Publikum"/>
   <l:gentext key="MsgLevel" text="Niv&#229;"/>
   <l:gentext key="msglevel" text="Niv&#229;"/>
   <l:gentext key="MsgOrig" text="Opphav"/>
   <l:gentext key="msgorig" text="Opphav"/>
   <l:gentext key="NOTE" text="NOTAT"/>
   <l:gentext key="Note" text="Notat"/>
   <l:gentext key="note" text="Notat"/>
   <l:gentext key="Part" text="Del"/>
   <l:gentext key="part" text="Del"/>
   <l:gentext key="Preface" text="Forord"/>
   <l:gentext key="preface" text="Forord"/>
   <l:gentext key="Procedure" text="Prosedyre"/>
   <l:gentext key="procedure" text="Prosedyre"/>
   <l:gentext key="ProductionSet" text="Production"/>
   <l:gentext key="Published" text=""/>
   <l:gentext key="published" text=""/>
   <l:gentext key="Question" text="Q:"/>
   <l:gentext key="question" text="Q:"/>
   <l:gentext key="RefEntry" text=""/>
   <l:gentext key="refentry" text=""/>
   <l:gentext key="Reference" text="Referanse"/>
   <l:gentext key="reference" text="Referanse"/>
   <l:gentext key="RefName" text="Navn"/>
   <l:gentext key="refname" text="Navn"/>
   <l:gentext key="RefSection" text=""/>
   <l:gentext key="refsection" text=""/>
   <l:gentext key="RefSynopsisDiv" text="Synopsis"/>
   <l:gentext key="refsynopsisdiv" text="Synopsis"/>
   <l:gentext key="RevHistory" text="Revisjonshistorie"/>
   <l:gentext key="revhistory" text="Revisjonshistorie"/>
   <l:gentext key="Revision" text="Revisjon"/>
   <l:gentext key="revision" text="Revisjon"/>
   <l:gentext key="sect1" text="Section"/>
   <l:gentext key="sect2" text="Section"/>
   <l:gentext key="sect3" text="Section"/>
   <l:gentext key="sect4" text="Section"/>
   <l:gentext key="sect5" text="Section"/>
   <l:gentext key="Section" text="Seksjon"/>
   <l:gentext key="section" text="seksjon"/>
   <l:gentext key="See" text="Se"/>
   <l:gentext key="see" text="Se"/>
   <l:gentext key="SeeAlso" text="Se Ogs&#229;"/>
   <l:gentext key="Seealso" text="Se ogs&#229;"/>
   <l:gentext key="seealso" text="Se Ogs&#229;"/>
   <l:gentext key="Set" text=""/>
   <l:gentext key="set" text=""/>
   <l:gentext key="SetIndex" text="Indeks"/>
   <l:gentext key="setindex" text="Indeks"/>
   <l:gentext key="Sidebar" text=""/>
   <l:gentext key="sidebar" text=""/>
   <l:gentext key="Step" text="Steg"/>
   <l:gentext key="step" text="steg"/>
   <l:gentext key="Table" text="Tabell"/>
   <l:gentext key="table" text="Tabell"/>
   <l:gentext key="TIP" text="TIPS"/>
   <l:gentext key="Tip" text="Tips"/>
   <l:gentext key="tip" text="Tips"/>
   <l:gentext key="WARNING" text="ADVARSEL"/>
   <l:gentext key="Warning" text="Advarsel"/>
   <l:gentext key="warning" text="Advarsel"/>
   <l:gentext key="and" text="og"/>
   <l:gentext key="by" text="av"/>
   <l:gentext key="Edited" text="Redigert"/>
   <l:gentext key="edited" text="Redigert"/>
   <l:gentext key="Editedby" text="Redigert av"/>
   <l:gentext key="editedby" text="Redigert av"/>
   <l:gentext key="in" text="i"/>
   <l:gentext key="lastlistcomma" text=","/>
   <l:gentext key="listcomma" text=","/>
   <l:gentext key="nonexistantelement" text="ikke-eksisterende element"/>
   <l:gentext key="notes" text="Sluttnotater"/>
   <l:gentext key="Notes" text="Sluttnotater"/>
   <l:gentext key="Pgs" text="Sdr."/>
   <l:gentext key="pgs" text="Sdr."/>
   <l:gentext key="Revisedby" text="Revised by: "/>
   <l:gentext key="revisedby" text="Revised by: "/>
   <l:gentext key="TableNotes" text="Notater"/>
   <l:gentext key="tablenotes" text="Notater"/>
   <l:gentext key="TableofContents" text="Innholdsfortegnelse"/>
   <l:gentext key="tableofcontents" text="Innholdsfortegnelse"/>
   <l:gentext key="unexpectedelementname" text="UVENTET-ELEMENTNAVN"/>
   <l:gentext key="unsupported" text="ikke st&#248;ttet"/>
   <l:gentext key="xrefto" text="xref til"/>
   <l:gentext key="listofequations" text="Formeloversikt"/>
   <l:gentext key="ListofEquations" text="Formeloversikt"/>
   <l:gentext key="ListofExamples" text="Eksempeloversikt"/>
   <l:gentext key="listofexamples" text="Eksempeloversikt"/>
   <l:gentext key="ListofFigures" text="Figuroversikt"/>
   <l:gentext key="listoffigures" text="Figuroversikt"/>
   <l:gentext key="listoftables" text="Tabelloversikt"/>
   <l:gentext key="ListofTables" text="Tabelloversikt"/>
   <l:gentext key="ListofUnknown" text="???-oversikt"/>
   <l:gentext key="listofunknown" text="???-oversikt"/>
   <l:gentext key="nav-home" text="Hjem"/>
   <l:gentext key="nav-next" text="Neste"/>
   <l:gentext key="nav-next-sibling" text="Raskt Fremover"/>
   <l:gentext key="nav-prev" text="Forrige"/>
   <l:gentext key="nav-prev-sibling" text="Raskt Bakover"/>
   <l:gentext key="nav-up" text="Opp"/>
   <l:gentext key="sectioncalled" text="the section called"/>
   <l:gentext key="Draft" text="Draft"/>
   <l:gentext key="above" text="above"/>
   <l:gentext key="below" text="below"/>
   <l:gentext key="index symbols" text="Symbols"/>
   <l:gentext key="lowercase.alpha" text="abcdefghijklmnopqrstuvwxyz"/>
   <l:gentext key="uppercase.alpha" text="ABCDEFGHIJKLMNOPQRSTUVWXYZ"/>
   <l:dingbat key="startquote" text="&#8220;"/>
   <l:dingbat key="endquote" text="&#8221;"/>
   <l:dingbat key="nestedstartquote" text="&#8216;"/>
   <l:dingbat key="nestedendquote" text="&#8217;"/>
   <l:dingbat key="bullet" text="&#8226;"/>

   <l:context name="styles">
      <l:template name="person-name" text="first-last"/>
   </l:context>

   <l:context name="title">
      <l:template name="abstract" text="%t"/>
      <l:template name="answer" text="%t"/>
      <l:template name="appendix" text="Tillegg %n. %t"/>
      <l:template name="article" text="%t"/>
      <l:template name="authorblurb" text="%t"/>
      <l:template name="bibliodiv" text="%t"/>
      <l:template name="biblioentry" text="%t"/>
      <l:template name="bibliography" text="%t"/>
      <l:template name="bibliomixed" text="%t"/>
      <l:template name="bibliomset" text="%t"/>
      <l:template name="biblioset" text="%t"/>
      <l:template name="blockquote" text="%t"/>
      <l:template name="book" text="%t"/>
      <l:template name="calloutlist" text="%t"/>
      <l:template name="caution" text="%t"/>
      <l:template name="chapter" text="Kapittel %n. %t"/>
      <l:template name="colophon" text="%t"/>
      <l:template name="dedication" text="%t"/>
      <l:template name="equation" text="Formel %n. %t"/>
      <l:template name="example" text="Eksempel %n. %t"/>
      <l:template name="figure" text="Figur %n. %t"/>
      <l:template name="formalpara" text="%t"/>
      <l:template name="glossary" text="%t"/>
      <l:template name="glossdiv" text="%t"/>
      <l:template name="important" text="%t"/>
      <l:template name="index" text="%t"/>
      <l:template name="indexdiv" text="%t"/>
      <l:template name="itemizedlist" text="%t"/>
      <l:template name="legalnotice" text="%t"/>
      <l:template name="listitem" text=""/>
      <l:template name="lot" text="%t"/>
      <l:template name="msg" text="%t"/>
      <l:template name="msgexplan" text="%t"/>
      <l:template name="msgmain" text="%t"/>
      <l:template name="msgrel" text="%t"/>
      <l:template name="msgset" text="%t"/>
      <l:template name="msgsub" text="%t"/>
      <l:template name="note" text="%t"/>
      <l:template name="orderedlist" text="%t"/>
      <l:template name="part" text="Del %n. %t"/>
      <l:template name="partintro" text="%t"/>
      <l:template name="preface" text="%t"/>
      <l:template name="procedure" text="%t"/>
      <l:template name="procedure.formal" text="Prosedyre&#160;%n.&#160;%t"/>
      <l:template name="productionset" text="%t"/>
      <l:template name="productionset.formal" text="Production&#160;%n"/>
      <l:template name="qandadiv" text="%t"/>
      <l:template name="qandaentry" text="%t"/>
      <l:template name="qandaset" text="%t"/>
      <l:template name="question" text="%t"/>
      <l:template name="refentry" text="%t"/>
      <l:template name="reference" text="%t"/>
      <l:template name="refsection" text="%t"/>
      <l:template name="refsect1" text="%t"/>
      <l:template name="refsect2" text="%t"/>
      <l:template name="refsect3" text="%t"/>
      <l:template name="refsynopsisdiv" text="%t"/>
      <l:template name="refsynopsisdivinfo" text="%t"/>
      <l:template name="segmentedlist" text="%t"/>
      <l:template name="set" text="%t"/>
      <l:template name="setindex" text="%t"/>
      <l:template name="sidebar" text="%t"/>
      <l:template name="step" text="%t"/>
      <l:template name="table" text="Tabell %n. %t"/>
      <l:template name="tip" text="%t"/>
      <l:template name="toc" text="%t"/>
      <l:template name="variablelist" text="%t"/>
      <l:template name="warning" text="%t"/>
   </l:context>

   <l:context name="title-unnumbered">
      <l:template name="appendix" text="%t"/>
      <l:template name="bridgehead" text="%t"/>
      <l:template name="chapter" text="%t"/>
      <l:template name="sect1" text="%t"/>
      <l:template name="sect2" text="%t"/>
      <l:template name="sect3" text="%t"/>
      <l:template name="sect4" text="%t"/>
      <l:template name="sect5" text="%t"/>
      <l:template name="section" text="%t"/>
      <l:template name="simplesect" text="%t"/>
   </l:context>

   <l:context name="title-numbered">
      <l:template name="appendix" text="Tillegg %n. %t"/>
      <l:template name="bridgehead" text="%t"/>
      <l:template name="chapter" text="Kapittel %n. %t"/>
      <l:template name="sect1" text="%n. %t"/>
      <l:template name="sect2" text="%n. %t"/>
      <l:template name="sect3" text="%n. %t"/>
      <l:template name="sect4" text="%n. %t"/>
      <l:template name="sect5" text="%n. %t"/>
      <l:template name="section" text="%n. %t"/>
      <l:template name="simplesect" text="%n. %t"/>
   </l:context>

   <l:context name="subtitle">
      <l:template name="appendix" text="%s"/>
      <l:template name="article" text="%s"/>
      <l:template name="bibliodiv" text="%s"/>
      <l:template name="biblioentry" text="%s"/>
      <l:template name="bibliography" text="%s"/>
      <l:template name="bibliomixed" text="%s"/>
      <l:template name="bibliomset" text="%s"/>
      <l:template name="biblioset" text="%s"/>
      <l:template name="book" text="%s"/>
      <l:template name="chapter" text="%s"/>
      <l:template name="colophon" text="%s"/>
      <l:template name="dedication" text="%s"/>
      <l:template name="glossary" text="%s"/>
      <l:template name="glossdiv" text="%s"/>
      <l:template name="index" text="%s"/>
      <l:template name="indexdiv" text="%s"/>
      <l:template name="lot" text="%s"/>
      <l:template name="part" text="%s"/>
      <l:template name="partintro" text="%s"/>
      <l:template name="preface" text="%s"/>
      <l:template name="refentry" text="%s"/>
      <l:template name="reference" text="%s"/>
      <l:template name="refsection" text="%s"/>
      <l:template name="refsect1" text="%s"/>
      <l:template name="refsect2" text="%s"/>
      <l:template name="refsect3" text="%s"/>
      <l:template name="refsynopsisdiv" text="%s"/>
      <l:template name="sect1" text="%s"/>
      <l:template name="sect2" text="%s"/>
      <l:template name="sect3" text="%s"/>
      <l:template name="sect4" text="%s"/>
      <l:template name="sect5" text="%s"/>
      <l:template name="section" text="%s"/>
      <l:template name="set" text="%s"/>
      <l:template name="setindex" text="%s"/>
      <l:template name="sidebar" text="%s"/>
      <l:template name="simplesect" text="%s"/>
      <l:template name="toc" text="%s"/>
   </l:context>

   <l:context name="xref">
      <l:template name="abstract" text="%t"/>
      <l:template name="answer" text="A:&#160;%n"/>
      <l:template name="appendix" text="Tillegg %n. %t"/>
      <l:template name="article" text="%t"/>
      <l:template name="authorblurb" text="%t"/>
      <l:template name="bibliodiv" text="%t"/>
      <l:template name="bibliography" text="%t"/>
      <l:template name="bibliomset" text="%t"/>
      <l:template name="biblioset" text="%t"/>
      <l:template name="blockquote" text="%t"/>
      <l:template name="book" text="%t"/>
      <l:template name="calloutlist" text="%t"/>
      <l:template name="caution" text="%t"/>
      <l:template name="chapter" text="Kapittel %n. %t"/>
      <l:template name="colophon" text="%t"/>
      <l:template name="constraintdef" text="%t"/>
      <l:template name="dedication" text="%t"/>
      <l:template name="equation" text="Formel&#160;%n"/>
      <l:template name="example" text="Eksempel %n. %t"/>
      <l:template name="figure" text="Figur %n. %t"/>
      <l:template name="formalpara" text="%t"/>
      <l:template name="glossary" text="%t"/>
      <l:template name="glossdiv" text="%t"/>
      <l:template name="important" text="%t"/>
      <l:template name="index" text="%t"/>
      <l:template name="indexdiv" text="%t"/>
      <l:template name="itemizedlist" text="%t"/>
      <l:template name="legalnotice" text="%t"/>
      <l:template name="listitem" text="%n"/>
      <l:template name="lot" text="%t"/>
      <l:template name="msg" text="%t"/>
      <l:template name="msgexplan" text="%t"/>
      <l:template name="msgmain" text="%t"/>
      <l:template name="msgrel" text="%t"/>
      <l:template name="msgset" text="%t"/>
      <l:template name="msgsub" text="%t"/>
      <l:template name="note" text="%t"/>
      <l:template name="orderedlist" text="%t"/>
      <l:template name="part" text="Del %n. %t"/>
      <l:template name="partintro" text="%t"/>
      <l:template name="preface" text="%t"/>
      <l:template name="procedure" text="Prosedyre&#160;%n"/>
      <l:template name="productionset" text="%t"/>
      <l:template name="qandadiv" text="%t"/>
      <l:template name="qandaentry" text="Q:&#160;%n"/>
      <l:template name="qandaset" text="%t"/>
      <l:template name="question" text="Q:&#160;%n"/>
      <l:template name="reference" text="%t"/>
      <l:template name="refsection" text="%t"/>
      <l:template name="refsect1" text="%t"/>
      <l:template name="refsect2" text="%t"/>
      <l:template name="refsect3" text="%t"/>
      <l:template name="refsynopsisdiv" text="%t"/>
      <l:template name="segmentedlist" text="%t"/>
      <l:template name="set" text="%t"/>
      <l:template name="setindex" text="%t"/>
      <l:template name="sidebar" text="%t"/>
      <l:template name="table" text="Tabell %n. %t"/>
      <l:template name="tip" text="%t"/>
      <l:template name="toc" text="%t"/>
      <l:template name="variablelist" text="%t"/>
      <l:template name="varlistentry" text="%n"/>
      <l:template name="warning" text="%t"/>
      <l:template name="page.citation" text=" [%p]"/>
   </l:context>

   <l:context name="section-xref">
      <l:template name="bridgehead" text="&#8220;%t&#8221;"/>
      <l:template name="refsection" text="&#8220;%t&#8221;"/>
      <l:template name="refsect1" text="&#8220;%t&#8221;"/>
      <l:template name="refsect2" text="&#8220;%t&#8221;"/>
      <l:template name="refsect3" text="&#8220;%t&#8221;"/>
      <l:template name="sect1" text="&#8220;%t&#8221;"/>
      <l:template name="sect2" text="&#8220;%t&#8221;"/>
      <l:template name="sect3" text="&#8220;%t&#8221;"/>
      <l:template name="sect4" text="&#8220;%t&#8221;"/>
      <l:template name="sect5" text="&#8220;%t&#8221;"/>
      <l:template name="section" text="&#8220;%t&#8221;"/>
      <l:template name="simplesect" text="&#8220;%t&#8221;"/>
   </l:context>

   <l:context name="section-xref-numbered">
      <l:template name="bridgehead" text="&#8220;%t&#8221;"/>
      <l:template name="refsection" text="&#8220;%t&#8221;"/>
      <l:template name="refsect1" text="&#8220;%t&#8221;"/>
      <l:template name="refsect2" text="&#8220;%t&#8221;"/>
      <l:template name="refsect3" text="&#8220;%t&#8221;"/>
      <l:template name="sect1" text="Seksjon %n"/>
      <l:template name="sect2" text="Seksjon %n"/>
      <l:template name="sect3" text="Seksjon %n"/>
      <l:template name="sect4" text="Seksjon %n"/>
      <l:template name="sect5" text="Seksjon %n"/>
      <l:template name="section" text="Seksjon %n"/>
      <l:template name="simplesect" text="&#8220;%t&#8221;"/>
   </l:context>

   <l:context name="authorgroup">
      <l:template name="sep" text=", "/>
      <l:template name="sep2" text=" og "/>
      <l:template name="seplast" text=", og "/>
   </l:context>

   <l:context name="glossary">
      <l:template name="see" text="Se "/>
      <l:template name="seealso" text="Se Ogs&#229; "/>
   </l:context>

   <l:context name="msgset">
      <l:template name="MsgAud" text="Publikum: "/>
      <l:template name="MsgLevel" text="Niv&#229;: "/>
      <l:template name="MsgOrig" text="Opphav: "/>
   </l:context>
</l:l10n>
