<?xml version='1.0'?>
<!DOCTYPE article
  PUBLIC "-//OASIS//DTD DocBook XML V4.2//EN"
  "http://www.oasis-open.org/docbook/xml/4.2/docbookx.dtd">
<article>
<articleinfo>
<title>DocBook XSL Stylesheet Release Notes</title>
<pubdate>03 Sep 2002</pubdate>
<releaseinfo role="cvs">$Id: rn.xml,v 1.1 2002/11/29 10:47:25 dweiss Exp $
</releaseinfo>

<corpauthor>DocBook Open Repository Team</corpauthor>

</articleinfo>

<para>These are the release notes for the DocBook XSL Stylesheets.
This file documents (mostly) changes to the public APIs. What,
exactly, counts as a public API is still somewhat in question, but it
includes at least the global parameters.</para>

<itemizedlist><title>Release 1.54.1</title>

<para>The 1.54.1 release fixes a couple of bugs in 1.54.0.
</para>

<listitem>
<para>Remove spurious character from <filename>common.xsl</filename>. This bug
was a fatal error in Xalan2.</para>
</listitem>

<listitem>
<para>Make sure empty cells inherit from their row.</para>
</listitem>

<listitem>
<para>Actually support <sgmltag>refsection</sgmltag> in HTML.</para>
</listitem>

</itemizedlist>

<itemizedlist><title>Release 1.54.0</title>

<para>The 1.54.0 release fixes some bugs and adds a couple of new features.
</para>

<listitem>
<para>New option to generate back-of-book FO indexes with page-number
ranges in place of sequences (e.g., 1-4 instead of 1,2,3,4)
(<parameter>make.index.markup</parameter>).
</para>
</listitem>

<listitem>
<para>Experimental support for generating ToCs/LoTs as separate HTML
chunks (<parameter>chunk.tocs.and.lots</parameter>).</para>
</listitem>

<listitem>
<para>New option to generate HTML Help indexes using HHK files, allowing
see-also processing &amp; referencing of exact locations of index terms
(<parameter>htmlhelp.use.hhk</parameter>).</para>
</listitem>

<listitem>
<para>Olink processing tweaks.</para>
</listitem>

<listitem>
<para>Improvements in graphic and table processing.</para>
</listitem>

<listitem>
<para>Additions and workarounds for better compatibility with FO
engines (FOP, PassiveTeX, XEP).</para>
</listitem>

<listitem>
<para>Bug fixes for FO profiling, indexing of Refentrys.</para>
</listitem>
</itemizedlist>

<itemizedlist><title>Release 1.53.0</title>

<para>The 1.53.0 release fixes some bugs, refactors page masters, and
adds some new parameters.</para>

<listitem>
<para>Reworked page headers and footers.
</para>
</listitem>
<listitem>
<para>Support numbered bibliography styles.
</para>
</listitem>
<listitem>
<para>Added new property set for inline monospaced elements.
</para>
</listitem>
<listitem>
<para>Added menuchoice separator parameter.
</para>
</listitem>
<listitem>
<para>Added property sets for each section level heading to remove hard coded
font sizes.
</para>
</listitem>
<listitem>
<para>Make table headers bold by default in FO.
</para>
</listitem>
<listitem>
<para>Use basic
initial-page-number property instead of extended
force-page-count property to get components to start on odd
pages in double.sided mode.
</para>
</listitem>
<listitem>
<para>Added format.page.number template to set
the page number format for all page sequences
</para>
</listitem>
<listitem>
<para>Don't include equations without titles in the LoT for equations.
</para>
</listitem>
<listitem>
<para>Added support for <parameter>para.propagates.style</parameter>.
</para>
</listitem>
<listitem>
<para>Added cell padding and spacing parameters for HTML.
</para>
</listitem>
<listitem>
<para>Added tr.attributes named template (for odd-row coloring and such).
</para>
</listitem>
</itemizedlist>

<itemizedlist><title>Release 1.52.0</title>

<para>The 1.52.0 release contains a lot of significant changes. Make sure you
read the ChangeLog as well.</para>

<listitem>
<para>Created a complete and consistent set of chunking parameters:
<parameter>chunker.output.cdata-section-elements</parameter>
<parameter>chunker.output.doctype-public</parameter>
<parameter>chunker.output.doctype-system</parameter>
<parameter>chunker.output.encoding</parameter>
<parameter>chunker.output.indent</parameter>
<parameter>chunker.output.media-type</parameter>
<parameter>chunker.output.method</parameter>
<parameter>chunker.output.omit-xml-declaration</parameter>
<parameter>chunker.output.standalone</parameter>. Removed
<parameter>default.encoding</parameter> (use
<parameter>chunker.output.encoding</parameter> instead); removed
<parameter>output.method</parameter> (use
<parameter>chunker.output.method</parameter> instead).
</para>
</listitem>

<listitem>
<para>Added a large number of HTML Help parameters:
<parameter>htmlhelp.button.back</parameter>,
<parameter>htmlhelp.button.forward</parameter>,
<parameter>htmlhelp.button.hideshow</parameter>,
<parameter>htmlhelp.button.home.url</parameter>,
<parameter>htmlhelp.button.home</parameter>,
<parameter>htmlhelp.button.jump1.title</parameter>,
<parameter>htmlhelp.button.jump1.url</parameter>,
<parameter>htmlhelp.button.jump1</parameter>,
<parameter>htmlhelp.button.jump2.title</parameter>,
<parameter>htmlhelp.button.jump2.url</parameter>,
<parameter>htmlhelp.button.jump2</parameter>,
<parameter>htmlhelp.button.locate</parameter>,
<parameter>htmlhelp.button.next</parameter>,
<parameter>htmlhelp.button.options</parameter>,
<parameter>htmlhelp.button.prev</parameter>,
<parameter>htmlhelp.button.print</parameter>,
<parameter>htmlhelp.button.refresh</parameter>,
<parameter>htmlhelp.button.stop</parameter>,
<parameter>htmlhelp.button.zoom</parameter>,
<parameter>htmlhelp.hhc.binary</parameter>,
<parameter>htmlhelp.hhk</parameter>,
<parameter>htmlhelp.hhp.window</parameter>,
<parameter>htmlhelp.show.advanced.search</parameter>,
<parameter>htmlhelp.show.favorities</parameter>,
<parameter>htmlhelp.show.menu.xml</parameter>, and
<parameter>htmlhelp.only</parameter>.</para>
</listitem>

<listitem>
<para>Support for new style OLinks. Added
<parameter>target.database.document</parameter>,
<parameter>use.local.olink.style</parameter>,
<parameter>current.docid</parameter>, and
<parameter>olink.doctitle</parameter>.
</para>
</listitem>

<listitem>
<para>Added experimental support for xref styles. Added
<parameter>use.role.as.xrefstyle</parameter>.
</para>
</listitem>

<listitem>
<para>Completely reworked page master/page sequence configuration.</para>
</listitem>

<listitem>
<para>Support cross-references to paragraphs by using the nearest containing
section title as the cross-reference text. Is this a good idea?</para>
</listitem>

<listitem>
<para>Removed unused <parameter>chunk.datafile</parameter>.</para>
</listitem>

<listitem>
<para>Added header/footer parameters:
<parameter>footer.rule</parameter>,
<parameter>footers.on.blank.pages</parameter>,
<parameter>header.rule</parameter>, and
<parameter>headers.on.blank.pages</parameter>.</para>
</listitem>

<listitem>
<para>Added column parameters:
<parameter>column.count.back</parameter>,
<parameter>column.count.body</parameter>,
<parameter>column.count.front</parameter>,
<parameter>column.count.index</parameter>,
<parameter>column.count.lot</parameter>,
<parameter>column.count.of.index</parameter>,
<parameter>column.count.titlepage</parameter>, and
<parameter>column.count</parameter>.</para>
</listitem>

<listitem>
<para>Added <parameter>draft.mode</parameter>.
</para>
</listitem>

<listitem>
<para>Added
<parameter>glossary.as.blocks</parameter>,
<parameter>glosslist.as.blocks</parameter>,
<parameter>glossterm.separation</parameter>,
<parameter>glossterm.width</parameter>.</para>
</listitem>

<listitem>
<para>Added <parameter>suppress.footer.navigation</parameter> and
<parameter>suppress.header.navigation</parameter>.</para>
</listitem>

<listitem>
<para>Added 
<parameter>make.graphic.viewport</parameter>,
<parameter>nominal.image.depth</parameter>,
<parameter>nominal.image.width</parameter>, and
<parameter>use.embed.for.svg</parameter></para>
</listitem>

<listitem>
<para>Added
<parameter>refentry.title.properties</parameter> and
<parameter>section.title.properties</parameter>
</para>
</listitem>

<listitem>
<para>Added
<parameter>use.embed.for.svg</parameter>
</para>
</listitem>

<listitem>
<para>Added
generate.meta.abstract.xml</para>
</listitem>
</itemizedlist>

<itemizedlist><title>Release 1.51.0</title>

<listitem>
<para>Added an extension function to determine the intrinsic size of
an image. Works for the image formats supported by the Java Image
class and or PostScript-derived formats.</para>
</listitem>

<listitem>
<para>Added callout bullets 11-15.
</para>
</listitem>

<listitem>
<para>Removed obsolete <parameter>using.chunker</parameter> parameter.
</para>
</listitem>

<listitem>
<para>Added <parameter>points.per.em</parameter> parameter.
</para>
</listitem>

<listitem>
<para>Added <parameter>generate.manifest</parameter> parameter.
</para>
</listitem>

<listitem>
<para>Added <parameter>manifest</parameter> parameter.
</para>
</listitem>

<listitem>
<para>Added <parameter>compact.list.item.spacing</parameter> parameter.
</para>
</listitem>

<listitem>
<para>Added <parameter>html.extra.head.links</parameter> parameter.
</para>
</listitem>

<listitem>
<para>Added <parameter>use.svg</parameter> parameter; support SVG in HTML.
</para>
</listitem>

<listitem>
<para>Convert the library code to a literate programming style with xweb.
</para>
</listitem>

<listitem>
<para>Support <sgmltag>xref</sgmltag> to any element that has a title (at least
when it has a title).
</para>
</listitem>

<listitem>
<para>Pass MathML through unchanged.
</para>
</listitem>

<listitem>
<para>Completely reworked support for graphic attributes in HTML.
</para>
</listitem>

<listitem>
<para>Add additional <sgmltag>LINK</sgmltag> elements to the HTML
<sgmltag>HEAD</sgmltag> (for site navigation as in Mozilla---note,
however, that Mozilla has disabled this recently for the 1.0 release).
</para>
</listitem>

<listitem>
<para>Support <parameter>shade.verbatim</parameter> parameter in FO.
</para>
</listitem>

<listitem>
<para>Support compact list spacing in FO.
</para>
</listitem>
</itemizedlist>

<itemizedlist><title>Release 1.50.0</title>

<listitem>
<para>This release introduces a new version numbering scheme. Version
numbers are now three part: major.middle.minor. Changes to the middle
version number indicate a change in the public API. Changes in only the
minor number indicate simply a new release.</para>
</listitem>

<listitem>
<para>The <parameter>generate.<replaceable>*</replaceable>.toc</parameter>
and <parameter>generate.<replaceable>*</replaceable>.lot</parameter>
parameters have been replaced by a single structured parameter,
<parameter>generate.toc</parameter>.</para>

<para>It's likely that the HTML and FO stylesheets do not handle ToC generation
in exactly the same way, but they should.</para>
</listitem>
<listitem>
<para>Added <filename>strip-attributes.xsl</filename> to the profiling
stylesheets. This allows one to strip off, for example, profiling attributes
after a document has been profiled.</para>
</listitem>
<listitem>
<para>Improved numeration of footnotes and table footnotes. Made table footnotes
render <quote>properly</quote> in FOs.</para>
</listitem>
<listitem>
<para>Added a <parameter>formal.title.placement</parameter> parameter, allowing
users to select placement of formal object titles either above or below the
object.</para>
</listitem>
<listitem>
<para>Improved control over delimiters for TeX equations.</para>
</listitem>
<listitem>
<para>Support <sgmltag>classsynopsis</sgmltag> and friends in FOs.</para>
</listitem>
<listitem>
<para>Changed HTML stylesheets to use <sgmltag>em</sgmltag> instead of
<sgmltag>i</sgmltag> for <sgmltag>emphasis</sgmltag>.</para>
</listitem>
<listitem>
<para>Added <sgmltag>chunk.quietly</sgmltag> parameter.</para>
</listitem>
<listitem>
<para>Improved profiling code to support the full range of profiling attributes
and to support one-pass profiling (if your XSLT processor understands the
<ulink url="http://www.exslt.org/">EXSLT</ulink> <function>node-set</function>
function.</para>
</listitem>
</itemizedlist>

</article>
