<refentry id="blockquote.properties">
<refnamediv>
<refname>blockquote.properties</refname>
<refpurpose>To set the style for block quotations.</refpurpose>
</refnamediv>

<refsynopsisdiv>
<src:fragment id='blockquote.properties.frag'>
<xsl:attribute-set name="blockquote.properties">
<xsl:attribute name="start-indent">0.5in</xsl:attribute>
<xsl:attribute name="end-indent">0.5in</xsl:attribute>
<xsl:attribute name="space-after.minimum">0.5em</xsl:attribute>
<xsl:attribute name="space-after.optimum">1em</xsl:attribute>
<xsl:attribute name="space-after.maximum">2em</xsl:attribute>
</xsl:attribute-set>
</src:fragment>
</refsynopsisdiv>

<refsect1><title>Description</title>

<para>The <parameter>blockquote.properties</parameter> attribute set specifies
the formating properties of block quotations.</para>

</refsect1>
</refentry>
