<refentry id="callout.graphics.number.limit">
<refmeta>
<refentrytitle>callout.graphics.number.limit</refentrytitle>
<refmiscinfo role="type">integer</refmiscinfo>
</refmeta>
<refnamediv>
<refname>callout.graphics.number.limit</refname>
<refpurpose>Number of the largest callout graphic</refpurpose>
</refnamediv>

<refsynopsisdiv>
<src:fragment id='callout.graphics.number.limit.frag'><xsl:param name="callout.graphics.number.limit" select="'10'"/></src:fragment>
</refsynopsisdiv>

<refsect1><title>Description</title>

<para>If <parameter>callout.graphics</parameter>
is non-zero, graphics are used to represent
callout numbers. The value of
<parameter>callout.graphics.number.limit</parameter>
is
the largest number for which a graphic exists. If the callout number
exceeds this limit, the default presentation "(nnn)" will always
be used.
</para>

</refsect1>
</refentry>
