<refentry id="footer.content.properties">
<refmeta>
<refentrytitle>footer.content.properties</refentrytitle>
<refmiscinfo role="type"></refmiscinfo>
</refmeta>
<refnamediv>
<refname>footer.content.properties</refname>
<refpurpose></refpurpose>
</refnamediv>

<refsynopsisdiv>
<src:fragment id='footer.content.properties.frag'>
<xsl:attribute-set name="footer.content.properties">
  <xsl:attribute name="font-family">
    <xsl:value-of select="$body.font.family"/>
  </xsl:attribute>
  <xsl:attribute name="margin-left">
    <xsl:value-of select="$title.margin.left"/>
  </xsl:attribute>
  <xsl:attribute name="margin-right">
    <xsl:value-of select="$title.margin.left"/>
  </xsl:attribute>
</xsl:attribute-set>
</src:fragment>
</refsynopsisdiv>

<refsect1><title>Description</title>

<para>Properties of page footer content.</para>

</refsect1>
</refentry>
