<refentry id="generate.section.toc.level">
<refmeta>
<refentrytitle>generate.section.toc.level</refentrytitle>
<refmiscinfo role="type">integer</refmiscinfo>
</refmeta>
<refnamediv>
<refname>generate.section.toc.level</refname>
<refpurpose>Control depth of TOC generation in sections</refpurpose>
</refnamediv>

<refsynopsisdiv>
<src:fragment id='generate.section.toc.level.frag'><xsl:param name="generate.section.toc.level" select="0"/></src:fragment>
</refsynopsisdiv>

<refsect1><title>Description</title>

<para>The <parameter>generate.section.toc.level</parameter> parameter
controls the depth of section in which TOCs will be generated. Note
that this is related to, but not the same as
<parameter>toc.section.depth</parameter>, which controls the depth to
which TOC entries will be generated in a given TOC.</para>
<para>If, for example, <parameter>generate.section.toc.level</parameter>
is <literal>3</literal>, TOCs will be generated in first, second, and third
level sections, but not in fourth level sections.
</para>

</refsect1>
</refentry>
