<refentry id="generate.legalnotice.link">
<refmeta>
<refentrytitle>generate.legalnotice.link</refentrytitle>
<refmiscinfo role="type">boolean</refmiscinfo>
</refmeta>
<refnamediv>
<refname>generate.legalnotice.link</refname>
<refpurpose>TBD</refpurpose>
</refnamediv>

<refsynopsisdiv>
<src:fragment id='generate.legalnotice.link.frag'><xsl:param name="generate.legalnotice.link" select="0"/></src:fragment>
</refsynopsisdiv>

<refsect1><title>Description</title>

<para>TBD</para>

</refsect1>
</refentry>
