<refentry id="insert.xref.page.number">
<refmeta>
<refentrytitle>insert.xref.page.number</refentrytitle>
<refmiscinfo role="type">boolean</refmiscinfo>
</refmeta>
<refnamediv>
<refname>insert.xref.page.number</refname>
<refpurpose>Turns page numbers in xrefs on and off</refpurpose>
</refnamediv>

<refsynopsisdiv>
<src:fragment id='insert.xref.page.number.frag'>
<xsl:param name="insert.xref.page.number" select="0"/>
</src:fragment>
</refsynopsisdiv>

<refsect1><title>Description</title>

<para>If non-zero, cross references (<sgmltag>xref</sgmltag>s) will
include page number citations.
</para>

</refsect1>
</refentry>
