<refentry id="menuchoice.menu.separator">
<refmeta>
<refentrytitle>menuchoice.menu.separator</refentrytitle>
<refmiscinfo role="type"></refmiscinfo>
</refmeta>
<refnamediv>
<refname>menuchoice.menu.separator</refname>
<refpurpose></refpurpose>
</refnamediv>

<refsynopsisdiv>
<src:fragment id='menuchoice.menu.separator.frag'>
<xsl:param name="menuchoice.menu.separator" select="'-&gt;'"/>
</src:fragment>
</refsynopsisdiv>

<refsect1><title>Description</title>

<para>Separator used to connect items of a <sgmltag>menuchoice</sgmltag> with
<sgmltag>guimenuitem</sgmltag> or <sgmltag>guisubmenu</sgmltag>. Other elements
are linked with <parameter>menuchoice.separator</parameter>.
</para>

</refsect1>
</refentry>
