<refentry id="preface.autolabel">
<refmeta>
<refentrytitle>preface.autolabel</refentrytitle>
<refmiscinfo role="type">boolean</refmiscinfo>
</refmeta>
<refnamediv>
<refname>preface.autolabel</refname>
<refpurpose>Are prefaces enumerated?</refpurpose>
</refnamediv>

<refsynopsisdiv>
<src:fragment id='preface.autolabel.frag'><xsl:param name="preface.autolabel" select="0"/></src:fragment>
</refsynopsisdiv>

<refsect1><title>Description</title>

<para>If true (non-zero), unlabeled prefaces will be enumerated.
</para>

</refsect1>
</refentry>
