<refentry id="process.empty.source.toc">
<refmeta>
<refentrytitle>process.empty.source.toc</refentrytitle>
<refmiscinfo role="type">boolean</refmiscinfo>
</refmeta>
<refnamediv>
<refname>process.empty.source.toc</refname>
<refpurpose>FIXME:</refpurpose>
</refnamediv>

<refsynopsisdiv>
<src:fragment id='process.empty.source.toc.frag'><xsl:param name="process.empty.source.toc" select="0"/></src:fragment>
</refsynopsisdiv>

<refsect1><title>Description</title>

<para>FIXME:
</para>

</refsect1>
</refentry>
