<refentry id="profile.role">
<refmeta>
<refentrytitle>profile.role</refentrytitle>
<refmiscinfo role="type">string</refmiscinfo>
</refmeta>
<refnamediv>
<refname>profile.role</refname>
<refpurpose>Target profile for <sgmltag class="attribute">role</sgmltag>
attribute</refpurpose>
</refnamediv>

<refsynopsisdiv>
<src:fragment id='profile.role.frag'>
<xsl:param name="profile.role" select="''"/>
</src:fragment>
</refsynopsisdiv>

<refsect1><title>Description</title>

<para>Value of this parameter specifies profiles which should be
included in the output. You can specify multiple profiles by
separating them by semicolon. You can change separator character by
<link linkend="profile.separator"><parameter>profile.separator</parameter></link>
parameter.</para>

<para>This parameter has effect only when you are using profiling
stylesheets (<filename>profile-docbook.xsl</filename>,
<filename>profile-chunk.xsl</filename>, &#x2026;) instead of normal
ones (<filename>docbook.xsl</filename>,
<filename>chunk.xsl</filename>, &#x2026;).</para>

</refsect1>
</refentry>
