<refentry id="section.title.level1.properties">
<refmeta>
<refentrytitle>section.title.level1.properties</refentrytitle>
<refmiscinfo role="type">attribute set</refmiscinfo>
</refmeta>
<refnamediv>
<refname>section.title.level1.properties</refname>
<refpurpose>Properties for level-1 section titles</refpurpose>
</refnamediv>

<refsynopsisdiv>
<src:fragment id='section.title.level1.properties.frag'>
<xsl:attribute-set name="section.title.level1.properties">
  <xsl:attribute name="font-size">16pt</xsl:attribute>
</xsl:attribute-set>
</src:fragment>
</refsynopsisdiv>

<refsect1><title>Description</title>

<para>The properties of level-1 section titles.</para>

</refsect1>
</refentry>
