<refentry id="title.margin.left">
<refmeta>
<refentrytitle>title.margin.left</refentrytitle>
<refmiscinfo role="type"></refmiscinfo>
</refmeta>
<refnamediv>
<refname>title.margin.left</refname>
<refpurpose>Adjust the left margin for titles</refpurpose>
</refnamediv>

<refsynopsisdiv>
<src:fragment id='title.margin.left.frag'>
<xsl:param name="title.margin.left" select="'-4pc'"/>
</src:fragment>
</refsynopsisdiv>

<refsect1><title>Description</title>

<para>This parameter adjusts the left margin for titles.
</para>

</refsect1>
</refentry>
