<refentry id="verbatim.properties">
<refnamediv>
<refname>verbatim.properties</refname>
<refpurpose>FIXME:</refpurpose>
</refnamediv>

<refsynopsisdiv>
<src:fragment id='verbatim.properties.frag'>
<xsl:attribute-set name="verbatim.properties">
  <xsl:attribute name="space-before.minimum">0.8em</xsl:attribute>
  <xsl:attribute name="space-before.optimum">1em</xsl:attribute>
  <xsl:attribute name="space-before.maximum">1.2em</xsl:attribute>
</xsl:attribute-set></src:fragment>
</refsynopsisdiv>
<refsect1><title>Description</title>
<para>FIXME:</para>
</refsect1>
</refentry>
